ZipCode,County,State
15093,Bishopburgh County,MO
03779,Lake Jenny County,DE
97697,Beardberg County,ME
36549,Roberttown County,MH
32599,Davidchester County,WY
29757,Tylerland County,KY
18790,New Ashleyside County,TN
97031,Robertside County,NY
13935,Port Brianmouth County,ND
89197,Wilsonport County,FM
97581,New Douglas County,OK
71983,New Alexandra County,MT
11896,Faulknermouth County,MO
77898,Port Michaelborough County,MO
55803,Jamesshire County,RI
04666,East Brianshire County,PR
04406,Amandaville County,ND
12781,South Lindsayton County,WI
29158,Brittneyberg County,MN
66738,Matthewmouth County,VI
79408,Mirandachester County,MI
03979,Mullenmouth County,NJ
74064,Gracemouth County,MT
26563,West Heatherview County,MH
94351,Sarafurt County,MA
85682,Brianaview County,LA
92425,South Kathrynborough County,MH
71927,East Ernestborough County,TN
55488,Pamelachester County,VA
29394,Lisaton County,CT
59379,Johnbury County,SD
77737,Millerland County,OH
36964,Craigview County,MN
01352,South Michaelville County,NY
21427,East Bradyfurt County,OH
92007,Zacharyport County,LA
55893,West Josephborough County,GA
45098,East Jacob County,RI
20880,Port Brian County,KY
28722,Lake Karenfort County,NH
44619,Port Kellymouth County,WY
13897,Clarkemouth County,KS
12657,Sallymouth County,AZ
50298,Michelleburgh County,UT
13177,Melissaland County,IA
47553,Lake Maria County,FL
45583,Harrismouth County,RI
79632,Robinsonmouth County,NY
35172,North Michaelhaven County,ME
06196,Port Julie County,FM
96148,Port Amandamouth County,LA
60718,North Belindachester County,KS
70785,Batesmouth County,AZ
16862,Lake Anna County,ID
50116,Lake Haley County,NC
10829,Port Barbarafort County,DC
72858,Adamsbury County,CT
82898,Timothytown County,MH
81571,Stevenmouth County,NC
47901,West Amystad County,AL
76175,Davidland County,AZ
25704,Wareside County,IL
92850,Sandersside County,WA
09617,North Natalie County,NC
06507,West Danielberg County,MS
87174,West Annachester County,TN
30372,Port Natalieview County,GA
38431,West Charles County,MI
10959,South Stephanie County,NV
31013,Jilltown County,PA
13739,Changmouth County,UT
50324,Lake Cynthia County,AK
36935,Tracystad County,PA
59930,South Markville County,AL
83821,Allenbury County,DC
48320,New Adam County,ND
49021,Crystalville County,KS
47067,Johnsonchester County,NM
27961,Stevenside County,CT
88342,Aarontown County,MA
35494,Jessefurt County,MT
92489,Lake Tim County,NY
90094,Janicebury County,IA
85440,Harristown County,ND
09859,South Justin County,NC
80341,South Kevinville County,MD
83728,Riverafurt County,PA
22932,New Williamberg County,TX
70511,Millerland County,MT
96069,Port Brandyside County,HI
32588,New Rachel County,CO
21918,Francisland County,VA
61090,Tracymouth County,NE
50236,Raymondville County,FM
35883,North Matthewport County,HI
90699,South Timothy County,AZ
73501,Port Wandaview County,NC
29286,Stephanieburgh County,MS
90234,Patriciaview County,MN
43005,Port Joseph County,AS
07832,Kristenport County,MS
30522,West Mark County,ID
04708,Wilsonborough County,GU
41848,East David County,MS
53082,New Amanda County,WY
35594,Marksside County,LA
09176,Ryanmouth County,TX
28154,East Sandy County,CA
74842,Brianchester County,MI
94599,Harmonfurt County,VT
41746,Klinebury County,IN
28370,Vegaton County,NY
86410,Fisherland County,TX
65936,Aaronville County,MD
84760,Ericaland County,IL
60643,West Brandi County,MS
19227,South Vanessaborough County,MO
35219,Ryanville County,VT
18802,South Ericahaven County,MP
32826,Port Joelchester County,MN
98148,South Heathershire County,SD
74080,Holand County,DE
71145,East Wendyside County,PW
34939,Jacksonview County,AS
98413,Stevenstown County,NY
77123,South Rachael County,GU
56656,Jeffreystad County,FL
76985,North Andrew County,NV
52851,Lake Sarahberg County,OH
47948,Francisshire County,MD
29247,Port Stephanietown County,WI
18632,Ashleyshire County,SC
67285,Port Ronald County,GA
12416,Cooperfurt County,TN
99562,New Vincent County,TX
06676,South Craigchester County,AS
14872,Craigburgh County,NV
20534,South Bethanyport County,IL
82741,Williamsside County,KY
21470,Longview County,TX
89693,Oconnorstad County,HI
55834,Johnmouth County,CA
78673,Lake Richard County,OH
08827,Lake Brandonmouth County,MH
50933,Jarvisport County,AZ
50520,South Davidmouth County,AS
78605,West Jackberg County,MS
61849,Benjaminstad County,PA
69853,Griffinchester County,AR
33454,Liuchester County,CT
73013,Woodsview County,AR
02005,Michelletown County,VI
94967,North Josephside County,AK
15515,West Jamie County,PR
89854,New Saraview County,IA
70882,South Valerie County,VA
98920,Osbornetown County,AR
35474,South Brooke County,NC
84513,North Aaron County,WV
45088,Lake Seantown County,MS
15122,South Chelsea County,NM
38970,Lake Jessicafort County,VA
57486,New Cassie County,IL
21231,South Sandymouth County,RI
59971,Port Jillfort County,OR
00926,Port Andrewmouth County,MN
95147,New Charlesberg County,DE
94830,Millerberg County,SC
35023,Ariasshire County,WA
66113,Espinozaborough County,OH
23917,South Jeffrey County,NJ
14448,Rogerschester County,NC
82460,Kimberlystad County,OR
39618,New Steveville County,SD
84249,Rachelfurt County,MN
67041,North Jenniferside County,WY
80319,Millerberg County,MA
26572,North Bradleymouth County,OH
20533,Port Linda County,NM
49510,Lake Pamelachester County,AR
21675,Timothystad County,NV
71198,Bellhaven County,TX
70015,Clarkville County,OK
00575,Stephanieland County,FM
79005,Riggsview County,GA
42988,West Richardfurt County,IN
64543,Port Karlaland County,HI
03053,Stewarttown County,NV
15163,Espinozachester County,NJ
48077,Gordonborough County,NM
31886,Aliciaside County,WA
08093,Millsside County,PR
32072,West Stacy County,AL
74865,Melissamouth County,KS
10823,Bryanburgh County,MI
11727,Port Debbie County,VI
96433,New Colleen County,MT
64200,Port Erin County,WY
09572,New Alexander County,WY
70323,South Claudia County,AR
16984,Port Blakeburgh County,WI
17329,North Miguel County,MH
86975,New Jenniferstad County,NV
62797,Gregoryview County,CO
72564,South Mark County,TN
22144,Joseton County,IL
35242,Stevenmouth County,LA
69664,Wernershire County,MT
80008,Shepardmouth County,CT
28261,East Christopher County,NM
71187,Ruizport County,ID
99495,South Gloria County,DE
96174,Pamelaton County,DE
90923,Tranburgh County,ID
26866,West Christopherchester County,MN
93948,North Caseyton County,AR
41358,Whiteshire County,MA
52797,Port Deniseshire County,PA
88540,Jasminville County,NJ
85681,Leahmouth County,OK
49445,Stephenport County,WA
57923,Lake Anthonymouth County,GU
68340,South Scottfurt County,KY
59678,Charleshaven County,VI
16361,Ruthmouth County,AZ
32994,Reginaburgh County,MO
29952,Port Maria County,TX
08893,West Leslieburgh County,FM
03258,Rogerview County,MD
77611,Richardborough County,MA
73104,Rodriguezfort County,OK
30662,New Kristina County,AZ
77629,Sellersport County,IA
29365,Kathleentown County,MP
01443,Robertmouth County,MA
09806,Joseshire County,PR
93279,Haydenburgh County,DC
83220,New Jacobborough County,OR
08217,Patelhaven County,ND
30508,East Heather County,IN
09335,Laurashire County,TN
04618,Duncanview County,MI
43810,Jameshaven County,AS
09788,Reyesland County,OH
67892,North Davidhaven County,DE
31696,North Candicehaven County,MI
37001,Millerport County,ID
64125,West Jonathanland County,VI
28581,West Tiffanymouth County,DE
71179,East Kenneth County,AR
17843,Port Sandra County,NM
95312,South Jesusborough County,OK
75348,Ellisbury County,ME
76026,South Amyton County,AR
62454,East Heatherborough County,ND
32351,Meghanburgh County,IL
62494,Smithmouth County,OR
53855,Melissaport County,DE
25458,Smithside County,MT
12864,Kellybury County,SD
13205,Priscillatown County,AZ
86875,Port Hannahtown County,WY
56999,Donnaborough County,CT
46939,Davisland County,SD
56020,Evansport County,NM
54384,New Jenniferhaven County,TX
96062,Blanchardmouth County,PA
07601,New Johnbury County,ND
88760,East Lisa County,CA
86150,Barrychester County,SC
85197,Garciastad County,PR
13400,Lake Raven County,WY
08445,East Lisachester County,UT
53273,Lake Henryburgh County,KY
95949,Port Lesliemouth County,FM
44974,Jenniferview County,MI
14823,Port Angela County,WI
33092,Laurieville County,MI
25613,New Troy County,AK
25432,Lake Cynthia County,TN
70793,Lake Jon County,OR
59301,Seanbury County,AS
18874,South Michelleville County,AK
55797,North Kelsey County,NC
24551,North Nicole County,TN
61138,Karenfurt County,GA
33243,Jamesport County,VA
10381,Port Donnaland County,RI
58583,East Joseph County,MP
72633,Moodyton County,TN
13334,Patrickstad County,WA
07131,South Kelly County,OR
85978,Lorettatown County,NV
71356,South Richardburgh County,AL
02435,North John County,TX
12725,West Stephenburgh County,TN
99272,Rebeccaside County,OK
31483,Jessicachester County,MI
22299,Martineztown County,DC
53770,Rogershaven County,WV
64154,Gregoryshire County,ME
63593,Joanfurt County,WA
28517,New Christopher County,UT
53066,Port Tammieberg County,GA
22080,Murillofort County,WY
50173,Millerview County,OR
00783,East Alexanderbury County,VT
51674,South Sandra County,NJ
35261,Sarahfort County,MS
60139,Jacksonfurt County,OK
37889,Port Robinfort County,AR
55945,New Virginia County,PR
91804,Kimfurt County,IN
96249,Micheleland County,AL
73346,Michaelland County,AL
87253,Robertville County,WY
94664,New Courtneyberg County,IL
64289,Andersonbury County,FM
20790,New Monica County,RI
25391,Loganview County,MO
39391,Peterhaven County,IN
29035,Jeffreyburgh County,KY
08166,Taylorbury County,OK
96935,Johnview County,WI
71567,West Derek County,MP
08490,Port Marcus County,TX
98539,Lake Jared County,CT
41605,North Christopherfort County,MP
07993,Glassview County,ID
07073,New Elizabethton County,SD
77070,Lake Cynthiaport County,PW
62994,Silvaberg County,MH
66410,Port Amy County,RI
70116,West Marvinchester County,VT
21136,Goodbury County,HI
07956,Cervantesmouth County,LA
67063,Richardtown County,MD
11001,South Michellefort County,IA
24857,Smithstad County,PW
09482,South Anthonyshire County,CT
78493,Perkinsburgh County,KY
09408,West Danielberg County,AZ
31329,South Jonathan County,IL
53424,Wellston County,WY
16214,North Edgartown County,AZ
75169,Ericview County,MP
32772,Holmeston County,OK
76381,Lake Jeff County,MO
78425,Port Jamesbury County,SD
05710,West Lisamouth County,NE
81684,East Jamesland County,VI
11246,Port Stephanie County,PW
55449,Lake Jasonside County,NM
86664,East Amber County,FM
77004,East Andrewport County,MD
74586,Tracyborough County,WY
69023,Christopherside County,MN
41968,Williamsonton County,MI
34680,Port Jorge County,HI
27273,Sandraton County,FM
88283,Whitneymouth County,MD
41681,Barbaraborough County,IA
31786,Richardburgh County,AR
35315,Andersonstad County,PR
52377,West Tina County,AS
17655,Kennedyville County,ME
88540,Townsendfurt County,MI
85108,Jonathanburgh County,NY
39822,Karenhaven County,GA
60430,Port Jacob County,IN
41942,East Ashleyfort County,CA
99049,Daltonview County,CT
10009,Stanleyland County,OK
01721,Watsontown County,NC
60569,Woodchester County,FM
81917,Cameronland County,CT
74293,Justinchester County,OK
13605,Reedfurt County,WA
10103,Mikeview County,NH
70969,Fisherville County,PW
66808,Jacksonton County,AR
35261,Wheelerton County,WV
17862,Arielville County,UT
46246,Jenniferville County,CA
09517,Williammouth County,AL
32519,Port Jason County,VA
48935,East Rebeccachester County,SD
37854,Derekberg County,KY
21177,Mooneytown County,WA
57934,South Travisstad County,AR
71701,New Michael County,FL
92715,Chavezburgh County,UT
40152,South Yeseniafort County,IA
80674,Juliefurt County,RI
86218,Lake Christopherburgh County,SC
69830,Lake Madison County,IA
01526,Kaitlynland County,AR
88039,New Bradleystad County,WA
73193,Millshaven County,AS
87452,Port Joseville County,DE
14078,South Courtneyberg County,VT
18102,Lake Garrett County,RI
35165,Lopezhaven County,AL
15630,North Tony County,AS
14530,East Joyceshire County,FM
97811,Fostermouth County,GU
73013,Bankschester County,OH
20875,Lake Susanton County,NH
36198,Camachobury County,NM
37431,Port Leslieburgh County,AR
79777,Port Katrina County,LA
28108,West Danielberg County,WI
94559,Derekmouth County,CA
45443,Tylerstad County,TX
27186,Port Jody County,ND
90612,South Gregoryberg County,WV
83631,West Richardfort County,FM
35101,South Janice County,VI
64533,Lake Tammy County,MD
33415,Collierborough County,CO
07159,Lake Barry County,WY
12598,Wallchester County,AZ
83637,Ryanton County,OH
56019,West Krystal County,SD
36766,North Jeremiahland County,SD
06279,Keithborough County,FM
00965,Port Jeffreymouth County,ND
44220,North Phillipshire County,NC
17647,Debrafort County,WV
84008,East Nancymouth County,OH
34836,South Amandamouth County,DC
21679,East Dustinview County,NE
97655,Port Antonioton County,KS
58413,Kaylaton County,IN
72810,Westport County,VA
92994,Port Carrie County,MI
56558,East Chloe County,MI
01768,South Randy County,NH
15164,Torresstad County,VI
10363,North Jeremyburgh County,ME
91074,Sarahstad County,MI
20037,Adamville County,MP
72012,Port Adamfort County,KS
05223,Jonesland County,AS
48894,Danielshire County,NC
76851,Williamburgh County,WY
72921,Lake Erin County,VA
19911,Lisahaven County,TX
56834,North Valerie County,NC
17205,West Erikland County,MA
05983,Johnsonborough County,NC
40905,Kaylafurt County,VA
48296,East Morganshire County,WV
05730,Aaronchester County,VA
47399,Tylerfurt County,ID
28036,Douglashaven County,NH
33207,Lake Cynthia County,OR
87917,Mercadoton County,DE
13974,Huanghaven County,ID
46858,North Fernandostad County,HI
73886,Carrillomouth County,AZ
53765,Lake Craig County,WV
81852,New Tracy County,AL
98736,Gayville County,GA
20758,Ramseyhaven County,WI
31530,Port Cassandra County,CT
21800,Donovanview County,NY
23707,West Sierraside County,KS
54541,Randolphville County,VI
03749,East Nancytown County,MT
24010,Christensenside County,PA
97043,West Mollyberg County,NV
44041,Williamshire County,AK
54465,Valdezton County,NV
88307,Sweeneystad County,NC
33028,South Hannah County,WY
35471,North Amy County,KS
21367,Lake Natalieberg County,FM
92418,Nicholehaven County,PR
14669,Smithtown County,ID
50641,West Megan County,OK
05576,Mcdonaldberg County,NV
62195,Kathleenbury County,GA
29655,Jennifershire County,FM
26659,Nicoleberg County,AR
60833,North Staceybury County,UT
46331,Pooleburgh County,NC
40502,New Daniellestad County,IL
30332,Port Davidville County,TX
29720,North Tim County,AR
03602,Cardenasberg County,KS
87012,Patriciabury County,VI
25814,West Robert County,KS
52728,Shaunview County,IL
37018,South John County,VI
09600,Ebonyview County,IL
37086,North Shawn County,SD
46526,Harristown County,IA
84581,Williammouth County,NJ
67269,South Benjaminton County,WA
52887,Ashleyfurt County,UT
89566,East Johnview County,AR
70783,Port David County,AR
43905,Harveyview County,RI
04118,South Kelly County,KY
15619,North Cody County,CA
34738,Tomtown County,VA
23906,Mariamouth County,FM
76600,Markhaven County,OR
35296,North Gabrielview County,WI
05515,Brandistad County,IN
14709,West Peter County,MO
78694,West Terrence County,MT
45810,West Robertview County,WI
95992,Lake Victoriahaven County,PR
41615,North Joseph County,SD
57700,Joshuaberg County,MA
79958,West Sean County,DC
67534,East Walterstad County,SC
15658,Ellenchester County,MS
50989,Seanberg County,VA
76075,Port Robertshire County,MT
25415,Hensleymouth County,NV
33887,West Pattychester County,AK
06318,Port Joseph County,GU
93402,Benjaminside County,FM
57655,North Melissaside County,MH
00722,Seanbury County,AK
68647,Davidshire County,PA
71076,Williamsfurt County,MH
90528,Lozanoside County,PR
94798,Andreaborough County,OH
97106,Traceyville County,TX
88401,Amandamouth County,ME
26326,Andersonport County,OH
48240,Jenniferbury County,FL
57032,Lake James County,VA
09672,East Kim County,MS
87563,Christinatown County,SD
43780,Hillstad County,KS
82179,Chavezbury County,FL
41646,Amandaport County,DC
87452,Robertmouth County,TX
16835,Deanstad County,MI
94840,Robertborough County,UT
39864,North Johnchester County,OH
66970,Teresaborough County,CT
41039,Wallaceburgh County,NE
87911,Janiceton County,RI
54029,Port Cory County,KY
43254,Robertberg County,UT
91885,West Johnburgh County,OR
39253,Marciastad County,ME
73168,West Jose County,NM
17184,Port Julie County,FM
25645,Port Lisa County,MD
55609,New Jasonville County,ID
87654,Lake Candaceland County,NJ
50196,Caldwellchester County,SC
89278,North Marcia County,DE
98560,Williamport County,MT
23311,North Paulaside County,MD
81177,Port Melissabury County,VT
75094,East Tanyashire County,MO
39947,New Brenda County,KY
53726,North Natalie County,PA
72320,Gardnerville County,PW
00554,South Rebekahborough County,NE
40330,Stantonchester County,IA
38107,West Mark County,NV
56847,Tiffanyfurt County,AK
76520,Simmonsside County,WY
80017,East George County,VT
86314,Darrenchester County,MH
42738,New Eric County,IA
61447,New Frederick County,NV
58406,Schwartzview County,AL
58455,New Jacobstad County,HI
89056,North Andrew County,HI
28511,Mitchellbury County,VT
67501,Port Janetview County,MA
62522,South Alyssaport County,LA
96964,Lake Lawrenceville County,ME
22742,Grayside County,GA
86857,Port Coreychester County,AR
11615,South Marc County,FL
37697,East Brent County,WY
68062,North Barry County,CO
87513,Pamelafurt County,OK
81668,West John County,MD
44434,Jennifermouth County,TX
12741,Davismouth County,DE
98954,Laurenburgh County,KY
31285,Adamchester County,OR
88685,East Joseph County,NV
41188,Nguyenland County,TX
29945,East Carolyn County,AK
26601,Alanport County,WV
19814,South Tracey County,AK
03702,Timothyfurt County,SC
06558,Benjaminhaven County,PR
32593,South Calebshire County,VA
62778,North Amybury County,GU
80621,New Mariaside County,LA
10046,Westburgh County,NH
60193,West Willie County,MP
54822,Wardside County,GU
83045,New Rebecca County,ND
25986,Lake Leslie County,MO
94656,Cynthiaberg County,FL
91773,West Felicia County,LA
50829,Lake Mathew County,AL
65300,Lake Kristashire County,OR
52884,South Tracyburgh County,PA
32480,New Debra County,MS
19843,Matthewville County,CO
86491,Anitachester County,OK
90629,Robbinsshire County,ME
01227,New Lisafurt County,IL
98931,West Markmouth County,SD
14471,East Alyssaberg County,OK
56225,North Krystal County,TN
29184,New Kristen County,IN
23554,West Erin County,OR
91715,Ronaldfurt County,NJ
68390,Edwardstad County,KY
61390,Dannyfurt County,PW
73561,South Johnathanland County,CA
33163,Pattersonshire County,GA
16407,Maryfurt County,PR
60330,West Jacob County,IA
17978,North Gina County,MA
61402,Joshuaton County,ID
88001,Amberfort County,VA
70117,Mullinsview County,FL
73760,Port Bruce County,GA
78548,Jeffreystad County,OR
42089,Anthonyville County,VI
99493,Harrisland County,AL
58509,Andersonstad County,GU
80802,West Caitlin County,NH
94777,Mackchester County,NM
66663,Port Jamesborough County,AK
56434,South Jasonside County,MI
72311,New Brian County,AZ
58947,Seanburgh County,DE
97973,Robertsonville County,NY
62717,Eduardobury County,MP
59492,Cunninghammouth County,DE
34473,Lopezfurt County,DC
99037,North Anthonyview County,NE
32907,Colleenbury County,MD
84080,Mcdowellbury County,MA
36848,South Stephaniemouth County,NM
68828,New Russellbury County,NV
64018,Lopezfurt County,MA
82650,West Erinmouth County,IN
31859,West Amanda County,MO
36493,South Jacobview County,CO
58155,East Donna County,IA
10656,South Timothy County,LA
94026,Warnermouth County,SD
37951,South Jeremy County,MI
31236,Pamelamouth County,WA
36115,Shortmouth County,FM
42405,Meganmouth County,GA
71299,Davidhaven County,CA
11062,South Jessicaburgh County,IA
18637,Lake Matthew County,GA
20270,East Brandon County,PA
30812,Port Colinfurt County,OK
50706,Calvintown County,MA
91458,New Jenniferburgh County,MO
20529,Connorside County,HI
93092,West Deniseport County,NY
28544,Robertton County,AL
08919,Castroland County,DC
54878,West Eric County,NJ
53925,Williamshaven County,AR
43870,Jessicaburgh County,MO
71622,South Lynnshire County,IA
61570,Haroldtown County,WI
54997,Rossville County,TX
08662,Waltersfort County,IL
55570,North Michelleton County,PA
51550,South Kyle County,WY
77057,Brianfurt County,PW
91664,East Andrea County,VA
03061,Robertton County,AL
75957,Bentonfort County,OK
50358,North Danny County,TX
63019,Brownfurt County,WV
01273,Dawnberg County,CT
46606,New Michaelborough County,WI
39640,West Sara County,NE
99260,East Alexandria County,GU
51617,South Ann County,AS
55422,North Joseph County,AS
71046,Stevemouth County,LA
98479,Matthewsshire County,LA
96790,Port Nathanfurt County,TX
72083,Robertsonshire County,PR
79570,North William County,UT
64494,Barrettshire County,FL
29261,Charlesmouth County,DE
36275,Francisshire County,ND
57626,Port Melissatown County,VI
64155,Stevenburgh County,AL
04305,Benjaminmouth County,WI
51469,Nicholastown County,IA
44558,Port Jacqueline County,CO
88171,North Jeffreyside County,LA
89517,Henryberg County,MT
53495,Port Brandon County,TN
95420,Lake Ashlee County,NH
22133,Braunfort County,OR
61762,Edwintown County,ID
17229,Jacobborough County,VI
82061,West Michael County,ND
70509,North Daniel County,VI
04035,Mayborough County,TX
52146,East Jameshaven County,MO
74476,Smithville County,MD
87401,Amandachester County,NJ
04053,East Katie County,KS
11504,Millermouth County,CT
84747,Wrightbury County,FL
56680,Port Erica County,MA
18287,Nicholsonmouth County,VA
61016,Port Johnfort County,MI
24320,Sandersborough County,TX
07091,Hernandezburgh County,PW
34600,Wardstad County,LA
50190,North Jacob County,NV
43407,Orrbury County,TN
28243,Bennettburgh County,UT
60099,Thomashaven County,HI
43341,Holtmouth County,IN
44737,Craigbury County,AL
50193,Farrellhaven County,CA
36972,West Lisamouth County,CA
55756,Port Marybury County,GA
33566,Debraborough County,NV
11236,Gomezbury County,MP
62145,Lake John County,PA
03041,Ayalafurt County,FL
98677,North Todd County,AZ
71203,North Jillianview County,WV
07327,North Robert County,CA
46371,East Timothy County,ND
29890,South Toddborough County,OK
85716,New Jose County,AR
09494,Port Jodyland County,AK
85927,Kennethchester County,IL
05777,Jonesville County,PA
99359,East Kaitlyn County,WV
04568,North Juliaton County,DE
32912,Butlerfort County,WA
26631,Lake Brian County,MI
03172,Leefurt County,PA
20474,Jodiberg County,TN
31767,Coryshire County,MN
17045,Austinfurt County,NJ
62571,Kingmouth County,NH
88248,Barryfort County,OH
15494,East Shellyfurt County,KS
74421,Reyestown County,CT
29070,Kennedychester County,NV
61453,Jeffreyton County,FM
92181,Lake Brianna County,NY
34087,Elizabethfort County,DE
48852,Shannonbury County,SC
22493,West Lindsey County,MN
79916,Woodsshire County,MD
80094,Martineztown County,NC
98533,New Ashleyview County,ID
94657,Johnborough County,LA
15513,Martinhaven County,ND
21966,Kennedyton County,SC
14669,Amandaside County,IN
76350,Warrenmouth County,MN
03866,Danielchester County,KS
41389,East Jamesland County,AR
75971,Chrisburgh County,VI
89282,Garciashire County,GU
49693,West Garretttown County,FM
52491,South Josephmouth County,SD
94219,West Robertbury County,MP
26496,East Sharonland County,MP
10462,Richardsside County,UT
78108,Fryfurt County,GU
91021,Morrowland County,LA
82714,South Victoriaview County,FM
32331,Frazierchester County,NE
13857,New Phillipton County,OR
91883,Justinville County,OR
40030,Andersonburgh County,AZ
90188,Port Pamela County,AS
16367,Sanfordmouth County,ND
74678,Jonesmouth County,MA
05884,Jameschester County,CA
46009,Port Markport County,AR
70328,Connieville County,VT
56649,North Keith County,FM
87207,Port Jasonton County,PR
49072,North Margaret County,UT
09539,Whiteview County,IL
66818,Amandashire County,KY
85375,Lake Joshua County,AR
45226,Whiteberg County,FL
02159,West Linda County,MA
55558,Sandersfurt County,MA
64752,Joelmouth County,GA
14334,West Lance County,WA
57323,Port Daniel County,CT
47973,New Craig County,TX
83808,Debbieton County,TX
93209,Lake Christopher County,MA
20553,Bradyport County,MN
57581,East Colinview County,ND
23587,Wrighthaven County,ND
96681,South Audrey County,MS
68887,Riveraton County,CO
85757,Floresfort County,TX
35901,Markmouth County,UT
81229,Angelaburgh County,WY
71040,North Anthony County,LA
63873,Haasberg County,ID
61432,Jeremymouth County,NM
57592,Lake Bethburgh County,AZ
96318,South Sharon County,OR
78157,Robertsmouth County,TX
35680,West Alexander County,CO
42746,Erikafurt County,AZ
32678,Scottborough County,TX
11860,Port Diana County,VA
59588,Jessetown County,MI
32464,Baileyfurt County,HI
98867,South Alanside County,WY
61411,West Danielfurt County,MA
75192,South Davidville County,ID
80498,Sanchezview County,KS
88081,Lake Gerald County,NE
50175,Thomasmouth County,AK
44593,New Arthurside County,MS
04262,East Jameston County,FL
65290,South Jennifer County,TX
43101,East Robertchester County,MT
24335,North Brittanychester County,CA
64405,West Angela County,AR
28303,West Katherinefurt County,AK
47008,Lake Nicholas County,GU
34363,Lake Curtisshire County,AK
45109,South Seanport County,ND
37156,Port Patrickport County,MD
92406,East Josephport County,RI
36712,Stephaniemouth County,CO
73349,South Lauraborough County,CO
01831,Laurenberg County,NM
68216,West Michael County,CO
25543,Charlesburgh County,WI
11722,West Scott County,AK
32136,South Rebecca County,AL
94882,North Marcoton County,NE
53772,Kylechester County,OH
64539,Landryview County,NY
73269,Kathleenfurt County,NJ
99875,Jocelynfurt County,PW
32000,Hayleyfort County,CA
91020,Robertside County,KY
62903,Lake William County,MD
85160,South Michelle County,PR
93803,Port Johnny County,IN
64833,West Michaelshire County,AL
02761,South Pamelastad County,MS
12697,Longtown County,WY
39067,New Gabrielleshire County,MO
29546,New Justin County,KY
53506,Gonzaleschester County,PW
91174,North Stephanie County,IL
32391,West Laura County,OR
40636,East Davidville County,IL
87527,Lake Holly County,MD
76726,New Micheal County,MO
48869,New Alexanderton County,CA
62532,Port Jacquelinestad County,AZ
73045,New Joshua County,NJ
70089,Benjaminhaven County,MI
45557,West Ian County,VT
56272,North Brandi County,NY
98272,North Chris County,FL
72641,South Ebonyside County,AS
43858,Harrisbury County,NM
92625,East Diane County,GU
59974,West Sherry County,CT
36010,West Christian County,NC
40690,North Kevin County,WA
33452,Martinville County,FM
30718,Carolynview County,FM
16315,Lake Branditon County,SC
95041,Port Robert County,ME
25743,West Lauren County,ID
41860,Robertton County,RI
16171,Port Roberthaven County,AL
97871,Garciafort County,DC
70737,Reedstad County,GU
90962,Sabrinamouth County,OK
24768,Shorthaven County,CT
25606,Debratown County,DC
28862,Michelleshire County,MN
97311,South Lance County,ME
63965,Davisfort County,IN
95473,Janetburgh County,MH
77779,Anthonyfort County,MO
69266,Christopherville County,CT
78723,Jessicaville County,MT
37594,East Kenneth County,AK
13677,Mcintyreland County,PR
25944,Stacychester County,AL
39330,Port Brittany County,MD
30317,Hallhaven County,MD
47802,Jessicamouth County,MO
24020,East Jared County,VI
40119,Nicholeton County,MH
02355,Gordonfurt County,CT
93302,Port Daniel County,NM
70511,Jamesbury County,CT
17092,South Jennifershire County,IA
36455,Taylorberg County,GU
06466,West Amy County,VT
07647,West Carrie County,SD
38791,Ralphside County,MI
91912,North Joseshire County,AS
17052,Daviesborough County,VI
84107,Christopherchester County,NE
99170,South Susan County,NC
64841,Shahfurt County,GA
13947,Janetstad County,OK
02108,North Justin County,WA
75744,Greerhaven County,UT
37769,New Emilystad County,KY
62025,Lutzmouth County,AR
63247,West Christopher County,DC
58234,Port Jamesmouth County,UT
45158,South Karaside County,WI
24665,West Michaelburgh County,TN
07235,Campbellhaven County,MH
33593,North Brandon County,CA
63117,Garciaberg County,RI
15454,South Gregoryview County,SD
53022,Sharonmouth County,WV
64955,Kimberlyhaven County,NC
10211,South Katherineland County,CT
76132,Chadstad County,NJ
83003,Cassandraborough County,NJ
90475,New Christopher County,TX
07527,Karenstad County,ME
20388,Lake Brian County,GU
20056,Patriciaberg County,PW
74273,South Brittany County,OH
40325,East Maxwellville County,CA
11665,Ronaldtown County,RI
33031,North Lynnhaven County,NM
16026,Lloydfort County,PA
73648,Mccormickport County,KS
55049,New Wayneport County,PA
79972,Port Maria County,CO
78636,Thomaston County,TN
81558,West Steven County,AZ
68995,Timothyview County,AR
50357,Sarahmouth County,OR
59550,Stewartmouth County,VI
58529,North James County,RI
39475,Sanchezburgh County,WV
77640,Andersonstad County,IL
56708,North Aaron County,MO
40527,Gutierreztown County,OR
75032,South Michele County,NH
81900,West Leah County,WI
08395,East Anthonyshire County,KS
80406,Adamhaven County,MP
97505,Port Tiffanymouth County,OR
13507,New Ryanton County,LA
27736,Aprilmouth County,OH
82488,New Jessicaborough County,IA
28160,Adammouth County,AR
35188,Port Rachelview County,IA
87064,West Kathleen County,WV
21086,New Jennifer County,NV
31940,Bryantburgh County,NJ
23283,Dunnshire County,NV
72851,North Cindyshire County,MT
10339,South Kimberlyhaven County,OK
21018,North Caitlin County,PR
00851,Davismouth County,MI
54046,New Christine County,PR
59549,West Pamela County,TX
90858,West Miguel County,OR
78333,East Tyler County,OR
62093,Mariaburgh County,ND
38676,Port Shanefort County,KY
04779,East Ashley County,AL
30841,Coleton County,IN
38263,New Patrickchester County,PA
93163,Brendaland County,IN
37557,East Patricia County,MI
92642,South Anna County,CO
09830,Phamland County,WA
90597,Hughesmouth County,GA
31096,East Patrick County,MI
35176,West Williamside County,MI
82428,Morganmouth County,ID
77805,Lake Ryan County,AS
87163,East Lauraberg County,MN
26429,Port Tammyport County,KY
56224,Pinedaberg County,WA
15544,New Andreburgh County,NC
71877,Fernandobury County,MA
29967,Browntown County,MH
85387,Williamhaven County,RI
20029,West Hannah County,SD
35317,East Julian County,OH
19144,Douglasmouth County,VA
09860,Mariaburgh County,AL
08317,Lake Nathanborough County,MS
22248,Rachelview County,NV
78494,Brianfort County,SD
98668,West Jeromeside County,AK
75108,West Daniel County,MH
38329,South Johnmouth County,SD
58061,East Teresa County,OR
16800,Yolandashire County,NE
61934,South William County,WA
90767,East Karenhaven County,UT
40358,South Pattyburgh County,AZ
92216,Beckyshire County,WA
53258,East Anthony County,NY
36184,Port Rogertown County,GA
66098,Michaelberg County,AL
71277,East Christopher County,NY
65223,South Emily County,MT
57878,Johnsonmouth County,GU
11044,Valerieton County,VI
78886,West Wendy County,MD
05725,Seanshire County,CT
96777,Meghanfort County,AS
42748,Feliciaport County,NH
79630,Colemanview County,OR
33317,Lake Rachel County,PA
03891,South Davidbury County,FM
12471,Gordonborough County,PW
30506,Teresafort County,MS
88882,North Matthew County,NY
75893,Lauraberg County,FM
77456,Lake Timothy County,MS
03220,South Maryfort County,PA
88618,Burnettfurt County,NH
35826,West Henry County,WI
76030,Lake Robert County,MO
05774,West Joshua County,MI
99626,New Wyattside County,CO
23463,Johnland County,VT
62170,South Andrew County,AS
68522,Port Courtneymouth County,VA
58464,North Angela County,NJ
36959,Lauraland County,FL
24289,East Danielbury County,SC
77221,Floydchester County,PA
57633,Martintown County,VT
83703,West Kathleenborough County,ND
64952,Wuland County,CO
12460,North Sheilastad County,AZ
62106,Michaelmouth County,TN
46108,Spenceburgh County,PR
54024,Port Stephaniechester County,HI
44188,Hollowaytown County,KS
42582,North Catherine County,HI
88336,North Paul County,GU
14211,Davidfurt County,NJ
21580,East Seanland County,AR
43729,Popemouth County,OH
54456,South Erica County,OH
91422,Davidside County,GA
38278,Blankenshipfurt County,DC
87347,North Lukestad County,LA
52989,Burnettchester County,WV
72603,West Taylor County,MT
05310,Hudsonville County,OH
60115,Pageville County,OR
12043,New Stacyport County,MH
41725,Lake Julietown County,OH
33583,Williamsfurt County,ME
42873,Ryanchester County,MN
15695,Thomasfort County,OR
53477,West Williamville County,MT
67950,Port Kyle County,VT
00651,New John County,MP
86701,Johnsonport County,MA
71619,North Kevin County,WY
61053,East Mark County,NE
54666,Port Elizabeth County,NV
07605,Micheleport County,ND
68453,Daleburgh County,DE
47920,Lake Crystalchester County,NM
82110,Jasonborough County,PA
99649,Fowlerburgh County,AK
65839,Jamesside County,GA
82474,Fostertown County,NC
58440,Melissaport County,FL
07265,Coreyville County,NM
27181,West Michaelville County,SD
35504,East Sara County,WI
72488,New Coletown County,IL
17673,Lesliemouth County,WI
38253,North Tammy County,MD
57925,Hendricksborough County,WV
92022,Willisburgh County,NJ
64033,Malonefort County,IL
16416,Alexville County,FL
04284,New Jeremyton County,ID
83079,Fosterstad County,MA
31866,Jamietown County,FM
93533,Christinafurt County,TX
21259,Pinedatown County,MN
41231,Lake Christinahaven County,AK
72700,New Dylanside County,NM
02293,West Brittanyfurt County,PW
72885,Port Veronica County,SC
53977,Yatesshire County,AK
12718,Port Sandraberg County,NY
29952,North Meghanshire County,MD
15372,Amandaton County,AK
60983,Stephentown County,AK
15897,Adamside County,MT
85397,Mooreburgh County,GU
20682,Lake Charlestown County,MO
65824,South Dawnshire County,MD
94427,Derekton County,OK
38755,Myersborough County,AL
67199,North Sheilaland County,WV
36339,Martinezmouth County,NJ
54960,Lake Josemouth County,TX
63743,Nancyburgh County,NY
62395,New Victoria County,IL
32447,East Justin County,ME
60372,Laurenfort County,DC
72756,Martinshire County,OR
19459,West John County,DC
50778,Emilyshire County,WV
25484,East Shelly County,MT
79062,East Douglas County,SC
67117,Garychester County,IN
98319,Michaeltown County,RI
18393,Simmonston County,WA
09651,West Krystal County,SD
36709,Craigton County,MN
54888,Lisashire County,SD
45049,Jamesbury County,CT
67051,Sarahburgh County,WV
00837,Pageton County,FL
37573,Tracytown County,OK
95665,Jamesstad County,NE
39633,Josephland County,MP
77432,North John County,ND
76512,Tannerbury County,CA
87000,East Eric County,IL
64679,Lake Jonathan County,KS
19977,Medinashire County,AS
59030,Jeromeborough County,DC
71093,Smithfort County,NV
63984,Webbtown County,SD
45737,Roseborough County,FL
44074,South Courtney County,AR
72841,Lake Brendaton County,PW
71729,Mauricebury County,OR
49942,South Autumnmouth County,TN
60183,Hollyburgh County,CT
42677,Kevinbury County,GA
91923,Annafurt County,IL
31801,Matthewberg County,ND
75447,New Emma County,OH
50697,New Shelby County,AL
31114,North Robert County,KS
54342,Blakeport County,PA
06221,North Scott County,IA
42205,North Juanhaven County,MH
98110,Haysville County,WA
62494,Lake Jenniferhaven County,IL
92936,New Frank County,AL
50469,Port Robert County,IL
51105,Roberthaven County,KS
87492,New Johnport County,MT
85962,Smithside County,AR
20437,East Rhondafort County,AS
65424,Andersonville County,ME
05353,Emmafort County,MD
17048,Port Justin County,NV
77857,Comptonside County,AR
44016,East Andre County,SD
13655,Michaeltown County,NC
58212,Lake Lisaton County,MH
13570,South David County,AR
69438,West Vincenttown County,DE
60391,West Williamville County,NH
02512,Nicholasville County,MH
95193,Ruizborough County,DC
19395,Ericland County,MP
54237,Priceborough County,MA
86324,New David County,WV
20733,South Tiffany County,NE
10308,Petermouth County,MI
62038,Lake James County,TN
35238,Garciaborough County,SC
44876,New Michael County,KY
82192,Reneeside County,DC
91295,Port David County,ME
85676,Justinview County,MT
11028,Morrisbury County,NJ
43566,Jacobbury County,LA
88890,Lake Erik County,WY
70443,New Sandraton County,UT
50309,South Zacharyberg County,AS
42006,West Ericchester County,WV
82656,West Logan County,AL
94704,Simmonsport County,AZ
64457,Jerryshire County,DE
71413,Sharonmouth County,VA
05206,West Jasmine County,WI
81432,Samuelfort County,DC
09469,South Samanthamouth County,VT
31272,North Carlaview County,HI
83228,West Markmouth County,TN
90206,Lake Alice County,MI
38168,Davidfort County,AZ
30318,East Spencermouth County,TN
12347,Port Gregory County,IL
57382,New Rachelbury County,MH
13404,Jamiefurt County,UT
83567,South Natalieborough County,SC
92761,Watkinsburgh County,NJ
13674,Lake Rachelfort County,CT
58654,West David County,PW
22306,Coxborough County,TX
91465,East Michael County,MH
39752,Garciaport County,FL
04295,North Caitlinchester County,SC
06529,Sharonport County,MO
43017,Robertsonmouth County,LA
07856,Kristaport County,MN
38953,Port Crystalfurt County,AR
47485,South Edward County,HI
49632,Snyderview County,RI
56951,Port Dakotaland County,MS
19581,Colemanchester County,CA
70122,Madisonhaven County,WV
54509,Andrewtown County,WI
74678,West Stevenview County,MS
89865,South James County,AL
24101,Kennethfort County,TX
22781,Ramirezmouth County,IN
23447,West Angelaview County,CO
10851,North Lisa County,AZ
80388,West Patrickburgh County,PA
50641,Port Marcusville County,WI
81727,Cruztown County,PA
90040,Wongstad County,VT
32067,Johnsonfurt County,NH
65731,New John County,ME
76936,Jacobstad County,DC
19259,North John County,NC
30934,New Christopherbury County,TX
60944,East Eric County,AR
84112,North Rebecca County,OR
60737,West Nicholasburgh County,OK
33967,East Maryport County,PA
87905,Laurenfurt County,OR
01732,Schroederview County,VT
61482,Choitown County,NE
38201,East Ashleyfurt County,PR
89316,Lake Billy County,CT
72144,Scottfort County,NH
21207,West Conniemouth County,NM
10182,East Jessica County,CO
58399,Lake Lisaview County,FL
45794,Jessicaborough County,AS
77515,Michaeltown County,FM
39711,Berrybury County,CA
84247,Warrenton County,NH
56116,Arnoldside County,NV
90981,Nicoleburgh County,MI
33281,Angelamouth County,IL
60379,North Williamborough County,KY
26612,Lake Christopher County,FM
50923,East Williamfurt County,NJ
63836,Annaview County,MP
14480,Fishertown County,SD
31592,West Jeffreystad County,IL
50487,Jaclynton County,KS
75464,East Felicia County,DC
47550,New Edwinberg County,KS
75842,Lake Vanessaville County,CO
39281,East Kylemouth County,SD
92156,East Kristen County,NJ
39197,Port Linda County,AZ
03376,Angelaburgh County,SC
86776,West Ronald County,WV
52380,Stoutshire County,NE
36477,Jenniferland County,OK
01562,East Carloshaven County,HI
74678,Howardside County,VI
90390,South Karl County,SD
06929,Christinemouth County,PR
79983,East Patricia County,OR
98172,Johnsonstad County,CO
65608,New Michael County,WI
38013,Georgeborough County,TN
30663,Port Stephanieside County,CO
80070,Rodriguezmouth County,GU
46680,Camachoborough County,NJ
29206,Sarahhaven County,ND
83943,West Leonardbury County,AR
25421,Meyerchester County,RI
81882,Port Elizabeth County,PA
33351,West Denise County,SD
89336,Meghanfort County,MD
99536,Ballardstad County,GA
94994,Port Mike County,NV
86901,Michelleville County,VI
89742,Michaelbury County,IN
18428,North Jessica County,PW
13236,Greenmouth County,VA
82743,Anitaville County,FL
85218,Smithstad County,PA
05668,Youngview County,MP
40993,North Angelicaport County,GA
58280,Andrewhaven County,WV
04874,Port Sheila County,DE
76466,Schroederfurt County,CA
48324,Mendozaborough County,MN
96492,North Andrew County,CT
17725,Jamesberg County,TX
12314,Morenoport County,IA
39181,East Joshua County,NM
43324,Hillshire County,GA
98474,East Anthonyfort County,PA
54961,Arthurfurt County,VA
23522,Garciachester County,NC
26819,New Caleb County,GU
17823,West Annastad County,WI
48454,West Sherritown County,MT
70080,Sawyerberg County,PW
66272,East Kaylaside County,LA
36221,West Joel County,NC
22068,Lake Darin County,NE
34182,Kennedyport County,WI
63657,Robertstad County,CO
39185,Velazquezfurt County,PR
98354,Donnafort County,CA
44897,Scottfurt County,AL
15596,Petershire County,KY
61886,Lake Taylor County,WV
10370,Floresshire County,NC
18950,Garyburgh County,GU
99349,Elizabethchester County,MO
30072,Lake Martin County,PA
89148,Lake Michael County,UT
95425,West Sandramouth County,KS
88896,Davisview County,PA
73549,East Josephton County,VI
48443,Lake Meaganville County,MD
12337,West Teresaburgh County,AL
52218,Murphytown County,AZ
02325,Victoriaborough County,MD
35164,Murrayview County,AZ
70830,Whitneyfurt County,MO
16700,South Karlaburgh County,WY
60110,Lake Daniellefurt County,MP
48812,Hammondborough County,ND
88689,Lake Collin County,SD
98675,Lake Abigailview County,MH
88626,Laurastad County,ID
34863,Ortizberg County,UT
77120,Lake Josephview County,TX
50442,South Katherineburgh County,GU
84196,West Donald County,PA
49190,Newmanstad County,VA
14702,Brownfurt County,MI
31148,Owensbury County,UT
62298,Tammymouth County,CT
03781,East Thomasport County,WI
81706,North Williamton County,ID
74085,Lake Jacob County,KY
43493,Tonyshire County,NC
80465,Kevinmouth County,IL
29516,West Jennifer County,MT
85390,Devinton County,ID
08786,Lake Elizabeth County,VA
83784,Port John County,PW
61353,New Amyfurt County,AR
92392,Ortiztown County,FM
40109,South Ariel County,UT
85598,West Sabrina County,IL
54017,South Elizabethville County,NE
15793,Port Melissaport County,WY
18821,Ariasshire County,SD
06444,Port Jill County,IN
40394,North Jennachester County,MA
65070,Port Paul County,NV
15721,West Adamview County,SC
13240,Roweport County,MA
31276,Port Johnland County,MA
70958,Ernestton County,DE
18282,West Lawrencetown County,AR
51441,Wallaceton County,SD
59960,Lake Nancy County,KS
49130,Frederickview County,NV
88382,West Brandonview County,AS
97905,Willisfort County,NY
91790,Churchville County,VI
71305,Brownstad County,FM
55436,Lisamouth County,MO
77484,Paulfort County,LA
97791,Jenniferport County,RI
95737,Danielburgh County,MS
20754,Dennisland County,KS
86342,Millerburgh County,MO
13479,Paulbury County,KS
64640,Jimenezland County,OK
81195,West Donald County,GA
53993,Brownshire County,MP
37167,Ricechester County,OK
04789,Rebeccaland County,MS
90977,Fernandezshire County,WI
49067,Christopherland County,KS
28978,South Diane County,FL
58616,Jacksonmouth County,NH
58788,South Sabrinaside County,AZ
31448,Christinabury County,RI
48038,Estradaville County,NM
13523,New Tracifort County,OK
90374,Bishophaven County,ME
48648,New Ryan County,GA
71865,North Kelly County,AZ
85019,Pearsonmouth County,SD
08437,Lake Scott County,UT
52685,North Williamland County,CO
36661,Jesusstad County,VA
25379,Brownmouth County,TN
16512,North Martha County,CA
60101,South Logan County,AL
12516,New Ryanside County,TN
87371,Mitchellville County,NE
28302,Patriciaville County,MO
84610,Lake Kevin County,CO
84320,Millerside County,DE
78770,Williambury County,OH
03300,Port Ashleystad County,MD
07130,West Geraldhaven County,PR
44214,West Jonathan County,SD
32426,Boothview County,WI
17006,Mckeefort County,IN
74501,East Gregoryhaven County,ID
27397,Danielview County,KY
73142,North Michelle County,MN
27653,Lake Ricky County,WA
77359,East Brendaberg County,NV
28806,West Angelafurt County,SD
31040,Port Brendaburgh County,MS
43565,East Michelleville County,VI
19841,Lake Christina County,NH
78617,New Robert County,NV
00872,North Brookeburgh County,IA
36843,Lake William County,GA
19465,Ortizfort County,AZ
17539,Franklinview County,TN
71308,North Spencer County,WI
33354,New Seth County,OK
23372,Lake Randytown County,IA
14909,North Kristinmouth County,GU
87147,New Gabriela County,NC
03880,Stoutside County,MP
17776,Daystad County,IL
47456,Davidchester County,LA
31687,Baileymouth County,MT
77683,Millerstad County,IA
42938,Kathleenside County,NY
02569,Lake Jacqueline County,SC
23339,North Lauraberg County,DC
35283,North Elizabethfurt County,CA
07369,West Amy County,AR
17115,East Ethan County,AK
97719,South Heatherbury County,FM
55677,Port Ryanbury County,MN
69456,Lake Wayne County,OK
15397,Davilatown County,CA
98236,West Catherine County,AK
08831,North Kylestad County,SD
62923,North Melvin County,CO
59257,New Rose County,NV
47954,Dalestad County,AK
67772,Butlerfurt County,CA
14794,Dianaburgh County,LA
59746,New Annafort County,MO
66540,South Jesse County,FL
29539,Derrickborough County,MA
81124,South Lori County,MH
06184,Cruzmouth County,WI
95822,West Brittany County,NV
86864,East Bryanchester County,MN
68848,Lawrenceland County,IL
40036,South Rogermouth County,MA
60537,Taylorland County,UT
84824,Brendaport County,SC
04583,Debraland County,ID
08473,New Robert County,IN
63282,Rowlandport County,IA
53141,Summersstad County,MN
56373,Andrewmouth County,MI
90429,Robersonshire County,MI
14651,Foxport County,TN
93876,Christopherburgh County,MA
58639,Lake Pamchester County,DE
10133,Angelashire County,SC
11090,South Amberview County,CA
42720,South Waynefurt County,NV
80231,Petersonview County,OH
19943,Harrisonbury County,MO
09110,East Sarahstad County,MO
17041,Sheilafort County,WA
36547,Catherinemouth County,NE
82331,Blakeborough County,IL
83479,New John County,MN
77225,New Ashley County,IN
72375,West Paul County,KY
93844,Deborahport County,FM
43123,Heatherview County,CA
50426,Meyersberg County,NM
78802,Jenniferbury County,VI
70042,West Ashleyport County,ME
59970,West Seanmouth County,IL
66764,Sanchezton County,RI
79855,Hoffmanshire County,IN
56888,East Alexandra County,NJ
13500,New Juanton County,ND
92484,Lake Thomas County,KS
15497,North Grace County,WY
86315,Port Ginaburgh County,KS
85817,North Michealborough County,NH
72765,Port Kayla County,DE
94982,Jamiebury County,AK
28684,Norrisport County,NY
56871,North Philip County,HI
59687,North Ronald County,IA
30450,Johnsonland County,MP
54740,North Josephmouth County,WV
44925,North Timothy County,MO
59942,Port Omartown County,KS
52763,Tiffanybury County,AR
96132,New Katherinemouth County,FL
12964,Port Brett County,DC
41467,Thomasview County,GU
56437,Brownmouth County,ID
41464,Vegaberg County,SD
87678,Sharonstad County,NM
33909,Ericton County,CA
49561,East Gina County,MA
20507,Lake Timothyport County,MN
90524,Stephaniefort County,PA
62664,Port Kimberlystad County,VI
09300,Hayesview County,TN
12458,Dwaynefurt County,CT
11689,Harrisview County,MS
12720,Port Robin County,LA
57107,North Colleenhaven County,FM
13157,Davidhaven County,OK
98095,Bryanfort County,PW
97336,North Sherylport County,MS
17555,Lake Carol County,FL
73425,Johnmouth County,MS
08362,Daniellehaven County,GU
77370,Gutierrezland County,AL
74109,North Todd County,IA
74121,West Rickychester County,PR
43708,Richardsonmouth County,VT
88320,Ericfort County,MI
16522,West Meganstad County,IA
54346,Nathanview County,AS
46847,Cervanteston County,AR
87708,Port Regina County,WA
98842,South Veronicaborough County,MT
55936,Romeroville County,FM
95011,Webbmouth County,AK
07244,Josephmouth County,MN
38201,Steventown County,HI
79197,North Kyle County,VT
41454,Kingmouth County,AL
14080,New Tiffanymouth County,AL
76249,East Nicholas County,IA
67008,Danielmouth County,MN
28385,North Matthewfurt County,WY
20781,Lake Gailstad County,WY
86580,New Sheilashire County,FM
63702,Veronicahaven County,DE
29893,Daveville County,MP
14685,Gabrielleburgh County,AZ
46391,South Thomasside County,GU
73411,Brianland County,FL
48677,East Robinborough County,AS
15559,Port Bethton County,DE
37013,New Erik County,AR
75749,New Sara County,MI
30144,South Rachelmouth County,MA
56745,Stephenchester County,CO
74027,South Brittany County,AK
81991,Dodsonfort County,IA
88971,South Kimberlymouth County,MS
84740,Popemouth County,MS
73473,East Destiny County,ID
03942,Reevesfurt County,DC
80323,Richardbury County,AK
86724,Cherylberg County,MI
91395,Claytonville County,MD
35555,West Barry County,AS
04295,Ericmouth County,FM
24148,East Lindaland County,GU
36319,East Jared County,WA
92605,Alvaradobury County,AL
41000,Bethbury County,NH
45042,North Jerry County,RI
46510,Hallbury County,FL
01301,Raychester County,MT
24278,South Darrell County,DE
19277,New Alanmouth County,ID
74729,New Tonya County,MO
53032,Jodiside County,PW
09621,Port Elizabethfurt County,GA
19096,East Rebecca County,IA
97621,Lake Corey County,AZ
83492,North Donald County,MD
04519,Kristenside County,NM
12527,Evanschester County,GU
98295,Sheltonborough County,OR
70032,Lake Anthony County,ID
28698,Stevenston County,MD
49809,Jenniferchester County,ID
55529,Caitlinstad County,IL
59961,West Samantha County,IA
45182,Loganborough County,WA
21132,West Thomas County,AL
49004,Williamsport County,OR
41347,Saraburgh County,VI
95082,Barryland County,WI
43018,East Emilychester County,DC
78649,New Tina County,MD
11636,Amyborough County,GA
07396,East Jamie County,RI
20893,North Nicolebury County,AS
21133,West Karlside County,CA
99386,Lake Kathleen County,NJ
81482,Lake Brian County,WA
07023,West Elijah County,NJ
88839,West Randy County,WV
11194,West Kimfurt County,MP
36166,New Dominicville County,WV
58580,West Judith County,NM
87262,Port Alexandra County,PR
56077,West Sarah County,TN
64157,Lake Debraberg County,ND
80071,Stewartborough County,MI
58440,Michaelside County,NE
54788,Pearsontown County,GA
36305,Wilsonmouth County,MT
99452,Shortview County,PA
67655,Port Michaelview County,ND
15419,Vasquezbury County,RI
45743,Shawton County,PR
56850,Debramouth County,FL
15035,Mitchellport County,AR
37626,Masseyland County,WA
89396,Garciamouth County,VA
89431,North Taylortown County,KS
78244,Kyletown County,LA
64284,Moontown County,IL
69567,Lake Randyville County,TN
87943,West Jacob County,RI
40926,Ambertown County,FL
06453,Carlton County,GU
29404,Jimville County,OR
52308,East Robertmouth County,AK
79055,Port Matthewborough County,WV
07681,Heatherberg County,MN
27295,Smithburgh County,AK
40008,Kennethchester County,MD
28187,Pattersonview County,PA
18488,East Derek County,DC
33992,New Nichole County,IN
38439,Mcleanberg County,MO
43508,Moorefort County,OR
16227,Traviston County,CA
01514,Lake Robertfurt County,DE
65694,West Ryanshire County,NJ
98413,Hamiltonchester County,DC
56947,Chadland County,NC
23529,Jonathonfurt County,AR
17433,West Cindy County,MH
50335,Hubbardland County,NC
70307,Port Barbara County,AL
92732,West Mark County,RI
30662,Strongburgh County,VT
66071,New Kimberly County,AK
88063,Duncanburgh County,NM
46922,New John County,AR
09948,Lake Jenniferside County,NV
52545,Walkerborough County,AZ
97761,Donaldberg County,WI
06045,Donaldside County,DC
57677,Port Miguelland County,NV
02957,Watkinsview County,NM
60761,Duffyborough County,MT
10706,Jacobbury County,OR
41534,West Joy County,MI
75966,Martinbury County,PA
56768,North Jeffreyburgh County,GA
75657,South Heatherview County,GA
53509,New Alexanderhaven County,NM
93496,Port Cathyview County,NV
84405,Port Kevinmouth County,SD
55248,Lake Jacobbury County,OR
38448,Roweborough County,OH
53589,Perryberg County,KS
03234,South Carlbury County,MN
43069,Castanedaburgh County,WY
23028,South Sandra County,SD
81519,Bakerside County,MD
60806,East Pamela County,MA
90889,Lewischester County,NY
47929,Kathrynchester County,TX
12052,Pereztown County,ID
57741,Nicoletown County,AL
14376,East Cherylfort County,GU
32392,Fergusonland County,AZ
57605,Port Angela County,MO
77685,North Tracy County,ME
52988,Angelaview County,FL
69177,Robertsfort County,MI
10809,Hillmouth County,NV
52374,Lake Kathy County,CT
41169,Michelleside County,PR
45001,East Erinshire County,DE
29542,Martinezhaven County,VI
44156,South Deanna County,FM
22538,North Preston County,DE
10512,Washingtonshire County,MN
67411,Lake Adamview County,MN
83499,Franklinland County,DE
15446,New Brianfurt County,NC
70048,North Scottshire County,TN
67341,North Edwardburgh County,TX
25916,Brooksburgh County,CA
46294,West Taylormouth County,FM
46520,Dakotaland County,AR
95840,North Pamelaborough County,SD
85100,Davilatown County,TX
19859,East Felicia County,IL
31469,Matthewbury County,NC
13975,Barbarachester County,KS
19695,North Rhondabury County,NY
26357,Davenportmouth County,MS
23241,Lake Markfurt County,PA
79458,South Elizabethport County,OH
20537,East Kathryn County,VT
86419,West Isaac County,WA
10377,Port Margaret County,KY
23719,Port Allison County,NJ
82807,North Denise County,TN
65265,Garyfurt County,GA
61312,Port Frankstad County,MA
99387,South Tiffanyshire County,FM
74390,Brittneyland County,MA
76453,South Jamesborough County,LA
59339,West Nicolefurt County,ME
89778,Port Meganview County,WY
74490,Lifurt County,MP
84779,Dylanmouth County,MA
83770,Port Roberthaven County,KS
82358,East Madison County,MH
82711,Port Jennifer County,ND
41937,Port Alexanderfort County,GU
20287,Yoderburgh County,AR
58141,South Jenniferborough County,GA
09451,Thomasfurt County,PW
61963,Troyhaven County,MP
58462,West Robert County,MO
83257,Benjaminside County,PW
40192,Brownbury County,KY
36503,Rossport County,VT
78019,Port Brianport County,MI
07863,Tammyhaven County,IN
46630,West Michaelbury County,OR
66998,Murillostad County,OK
10225,Jesseborough County,TN
41186,New Michaelstad County,NC
61022,Port Amber County,FM
59734,West Kathleenborough County,GU
05430,Chadside County,HI
48832,Benjaminport County,MT
38128,Dickersonstad County,AZ
10558,Catherineburgh County,NM
84998,Olivermouth County,ID
12336,Lisatown County,CT
81111,New Robert County,PW
78368,Josephville County,MH
66963,Garzaton County,MN
50895,Michaelmouth County,ND
61149,Lake Josephmouth County,AK
76565,New Edward County,WI
73156,Morganburgh County,HI
97352,North Ricardoburgh County,RI
05877,Morrisborough County,NM
59448,Tanyaview County,MP
75429,North Brenda County,LA
85938,Michellefurt County,MP
25173,New Henryton County,MT
42644,Tracybury County,AS
62842,South Jonathanstad County,IA
66216,Port Cristianbury County,OK
20274,Christianport County,NC
08610,Melanieborough County,IA
59551,New Amy County,DC
14067,Torresland County,NE
45516,Moralesshire County,OR
94127,East Jessicatown County,CT
11554,Royland County,NV
66633,West Joseville County,GU
85190,Jorgeland County,NV
23118,Schwartzview County,MI
05631,Durhamtown County,SD
32973,West Paula County,OK
93250,Tuckertown County,NM
57878,New George County,NV
58096,North Brooke County,NJ
69191,Tracystad County,AS
69018,South Bailey County,MI
21308,South Jason County,MO
48197,East Paul County,WA
49371,Jeremyfurt County,ME
37580,Port Leslie County,KS
51280,Port Kelli County,MA
54079,East Ashley County,MD
44851,East Robertport County,ND
89485,Taylorfort County,OH
78867,Brianhaven County,OH
07364,Nancyland County,MS
83192,Brandonview County,SC
85344,North Crystalbury County,IL
44364,Port Ashleyview County,GA
09140,Frostborough County,NV
43714,Amyfurt County,VI
12888,East Andrewstad County,KS
73634,North Steven County,KS
89417,Sarahport County,OK
51168,Jamesshire County,IN
33530,Millermouth County,MI
95362,Parksview County,TN
86558,Douglasshire County,AL
79498,North Ashleyfurt County,OK
20210,Bryanshire County,RI
44195,Smithtown County,ID
11183,Angelachester County,MI
76881,North Aliciafurt County,NY
87481,South Michelle County,CT
19038,Esteshaven County,GA
46352,Summersside County,UT
41163,Port Michaelchester County,MI
86491,West Justintown County,UT
92052,Doyleville County,SC
87288,Pamton County,PR
51875,New Chelsey County,MH
17402,South Mario County,GU
78494,Williamschester County,VT
93409,Port Kimberly County,GU
41078,West Catherinehaven County,PR
73760,Port Amandafurt County,WI
49873,South Krystalside County,NV
84844,Randyport County,AL
43555,Richardsonstad County,UT
17251,Herringville County,IL
88334,Rhondamouth County,IN
92622,Hillton County,SC
97333,Edwardview County,GA
90339,New Julieland County,AR
69496,West Hectortown County,AS
12750,Antoniomouth County,MA
85176,New Cynthiaport County,NY
88379,Port Ronald County,WY
55997,Allenstad County,ND
67149,Suzannemouth County,DE
47926,South Randallbury County,FM
02890,New Sandrabury County,NY
48027,West Sandra County,TX
24128,North Joshua County,MT
28575,West Melindaberg County,TN
45292,New Lawrence County,MO
64237,Aaronberg County,NM
25667,Laurafort County,OR
30194,Palmershire County,UT
18531,Port Jamiehaven County,OH
20809,Michaelfort County,MP
10615,Moralesview County,WV
39271,Andersonbury County,MH
13757,Herreraville County,WY
67044,Reynoldsberg County,KY
71249,Toddhaven County,VA
97316,Huntermouth County,IN
69514,Port Dawnbury County,TN
05448,Port Erintown County,DC
87261,North Erica County,MN
44641,Matthewview County,NJ
81507,North Jamesborough County,WV
78783,South Jessica County,FL
49878,Fredericktown County,AL
20719,Davidland County,MI
21767,Abigailside County,NE
24204,East Lisaland County,RI
91313,New Michelle County,NM
82386,Brookefurt County,KY
22198,North Kevinmouth County,VT
95027,North Jacqueline County,ME
57867,North Jessica County,ME
06227,Cindyfurt County,MO
54353,Lake Ericton County,NE
48250,Port Crystalville County,UT
89153,Stephaniehaven County,ND
94818,Craigland County,IL
31634,Garciachester County,PW
58723,Billberg County,OK
80532,South Brian County,GU
37847,Pattersonstad County,AR
98613,Charlesbury County,PR
59342,West Tracey County,NY
31172,Port Maryshire County,WY
70494,Burtonhaven County,GA
31849,Jessicaborough County,SC
41063,West Jacobchester County,PA
61975,South Emilyview County,TX
25931,Michealbury County,NY
48714,Port Adam County,VA
89408,New Gregoryside County,CT
75267,Millerland County,NM
58250,Lukeville County,RI
61014,Michelleberg County,PR
37433,New Christopher County,MI
50553,Williamfurt County,AZ
66417,Ramosbury County,IA
69636,West David County,MN
55375,Justinburgh County,OR
21742,Salasland County,MN
79755,New Tonychester County,GU
18641,Knoxfort County,OR
33269,Ericksonberg County,ME
07340,Lake Cody County,MI
84541,Kimland County,FM
63492,Emilyside County,OH
49156,West Philip County,IL
73185,South James County,DE
13947,Allentown County,NC
93745,Lake Curtisbury County,TN
68122,Adamsside County,SD
16842,Travisbury County,MI
37864,Fernandezland County,DE
11494,New Billymouth County,KS
21513,Deborahside County,WY
36256,Michelleland County,MA
59394,East Cody County,ID
67787,North Robertstad County,TN
19814,Johnsonport County,PR
12522,Hardinborough County,UT
29603,Lake Samanthafort County,FL
59631,Stricklandfort County,MH
46321,Jessicamouth County,OR
03996,Rogersshire County,MD
54882,Johnborough County,SC
07481,Blanchardberg County,WA
52465,Lake Angeltown County,VT
66300,East James County,RI
49516,Hoffmanbury County,NC
31404,Hodgeshaven County,AZ
51116,West Allisonfort County,VT
11197,Johnsonfort County,TN
49641,Lyonsburgh County,MO
29931,Palmerbury County,UT
04195,Austinville County,RI
42271,Nancyton County,CA
13488,New Samantha County,AZ
94178,Myersland County,NH
44448,Powellshire County,VA
19643,Jeffreyburgh County,ID
18536,East Aaron County,DC
05521,Bennettmouth County,WA
38102,South Alexander County,OK
62426,Lake Christopher County,NH
91736,South Charlesberg County,WI
18692,Youngville County,SC
92977,Port Ann County,VI
61988,Alexismouth County,IN
59300,Garcialand County,NE
81155,Robertstad County,ID
01189,East Tyler County,MH
10885,Port Caroltown County,WY
02991,Medinafurt County,MN
34045,South David County,VT
28767,South Megan County,OH
20098,Port Jamesmouth County,IA
72433,Russellburgh County,MI
80308,Anthonytown County,NM
69677,Rachelburgh County,VA
55977,East Tina County,MN
15074,New Steven County,NV
38263,Seanland County,TN
31648,North Nancystad County,CA
39973,Rosaleschester County,WI
16471,Crossburgh County,AL
06759,Port Stevenport County,PR
31753,West Codychester County,IL
55528,West Brianshire County,SC
84249,Davishaven County,RI
82134,West Stephenton County,FL
60415,South Kenneth County,NV
08733,Port Edward County,WI
15031,Michaelborough County,UT
66014,Michaelborough County,NV
78716,West Adamside County,PA
70762,Josestad County,MO
83332,Cliffordburgh County,NH
68052,Christopherport County,NY
75873,Gregorymouth County,PW
32212,Fowlerbury County,MI
94682,New Catherinebury County,ID
19319,New Carolineton County,VI
38678,Amytown County,MI
56762,Lake Brandy County,UT
00706,Munozville County,MS
81085,Port Seanfort County,PW
46745,New Josephside County,AK
32032,Villaside County,MP
75299,West David County,IA
55101,Lake Veronica County,KY
25052,West Patrick County,WV
87581,North Nicholas County,MI
88085,North Marie County,PW
11722,Changland County,CT
69115,East Matthewmouth County,SC
09371,Katherineton County,NM
69452,North Michellebury County,LA
71814,Susanshire County,ND
66997,East Richardbury County,ID
67036,East Mollyhaven County,UT
73134,West Christina County,IL
03166,Amyfort County,OH
51678,West Danielview County,PA
62122,Donaldsonshire County,DC
06207,Port Karen County,IA
83819,Angelaview County,MI
51210,Andreatown County,KY
49430,West William County,AS
33747,Williamsland County,NY
98453,South Eddie County,NJ
02629,Bradystad County,MD
47306,East Victor County,OH
09356,Amandatown County,VT
45694,Kathrynchester County,KS
96569,Port Kimberlyhaven County,ME
86628,West Caroline County,TN
82847,Williamchester County,WY
14088,Loriburgh County,NC
76772,Port Whitneystad County,OR
96863,Julieshire County,MA
99680,Lake Vincent County,VI
44084,North David County,MT
17987,West Shannon County,AL
06312,Ellisberg County,LA
46677,North Russell County,MN
72068,Scottview County,SD
44875,North Greg County,FL
84753,North Brandon County,KY
23450,Annfort County,PA
90243,Bryanborough County,HI
61400,New Davidmouth County,GU
91647,Port Jacob County,ID
63223,Olsonshire County,DE
24392,West Aprilland County,NJ
18176,West Kevinton County,ND
08771,Lake Sally County,MI
94354,Gutierrezstad County,MN
60489,Lake Melanie County,PW
05348,Tylerland County,VT
38963,Pruittbury County,NH
26923,Meganshire County,MS
06242,Emilyside County,ME
26645,Lake Brittany County,NH
05993,Alimouth County,SD
41866,Port Russellmouth County,UT
41143,Whiteburgh County,WA
68053,Clementsmouth County,NE
52697,Adkinsville County,FL
71677,South Alfred County,NH
62550,Briannafurt County,GU
33703,East Anthony County,GU
05300,Garciahaven County,OR
85291,Rickychester County,WY
25549,Christopherberg County,KS
38002,Port Angelaburgh County,MA
47290,Reneeland County,DC
06766,Beckport County,CT
86449,Lake Angelafort County,MT
44007,West Garrett County,AK
36312,Port Kellymouth County,NV
16816,Millerstad County,MH
48738,Jesusland County,WY
57773,East Robertmouth County,DE
52932,Christinaland County,UT
97927,South Eric County,GU
58138,Swansonberg County,NE
51179,Port Sarahmouth County,PW
44939,South Stephen County,TN
24987,East Sara County,CT
65539,Haleymouth County,FL
91211,East Victoria County,OR
48649,Christopherberg County,TX
68563,Kevinfurt County,PR
35460,Parksville County,MT
11329,Kathrynfort County,CO
95801,Gravesshire County,PR
56141,New Kristen County,AR
10846,Williamburgh County,PW
56941,Austinton County,GA
79465,Bakerhaven County,IL
24153,New Jesus County,MP
71997,Greenetown County,NJ
39005,South Shawn County,AR
42602,Pattyside County,AL
13948,East Gary County,CA
10995,Adrianaland County,TX
43482,Robertland County,NE
87129,South Michaelhaven County,NC
39251,West Larrymouth County,MP
40674,New Laura County,NE
79487,Jenniferhaven County,AK
94566,New Jessica County,GA
56352,Lake Chelsea County,PR
22343,New Michael County,PW
90909,Garciabury County,OR
58684,New Gary County,LA
46578,Lake Angelashire County,TX
59107,East Manuelbury County,AZ
06052,Michaelbury County,MI
95766,Lake Debbietown County,WV
46711,Port Jeffrey County,FM
81090,Woodsland County,AR
57509,South Mariahfurt County,AZ
36487,North Tiffanyton County,AZ
84317,West Jasonbury County,NH
08019,Katelynhaven County,FL
10336,North Kevinville County,CO
88474,Lake Nicolashaven County,VA
84061,Christinestad County,WI
48120,Martinland County,TN
67752,Wilsonton County,VA
98791,Sheltonborough County,NE
89552,South Victoria County,MA
21470,West Kelly County,AZ
04582,West Victorburgh County,CO
19215,South Donaldmouth County,PA
80136,West Ashleyville County,SD
89379,Pamelaside County,MH
57933,Lake Robertside County,ME
05062,Moralesborough County,TX
17046,Lake Catherinemouth County,MS
09313,Gonzalezville County,PA
31433,West Nicole County,HI
85063,Michelebury County,GA
48516,Port Jessicastad County,NE
47968,Mccannfort County,AS
50682,Lake Jennifer County,WI
74850,Nicholasview County,IL
79811,North Josephmouth County,DC
20612,Jackmouth County,TX
89507,North Melaniehaven County,DC
59473,Catherineport County,PR
49124,Leestad County,VI
49261,New Stacie County,VT
58689,Turnertown County,MH
10578,South Tiffanyhaven County,NH
75726,Mccannton County,GA
18548,Lake Marymouth County,NV
69898,Lake Ericaland County,IL
48597,South Maryport County,NC
52672,South Matthew County,TN
41708,New Amberton County,NY
85640,Morganburgh County,MN
37029,Ramseyberg County,TX
33218,New Robert County,CT
15370,North Mark County,MA
03897,New Alexandra County,FM
24886,Fuentesville County,KS
65911,South Stephen County,VI
68362,Lake Kelly County,MA
51224,East Anthonyville County,ID
74120,West Jeremyberg County,KY
15936,North Monica County,WI
34812,East Elizabeth County,AR
34617,Emilyberg County,LA
92780,Mannville County,IN
58994,Port Kenneth County,WV
28625,Kingburgh County,SC
80700,South Mary County,MI
37932,South Nicholas County,SD
91462,Millerhaven County,ME
64883,Robertchester County,GU
26738,New Edgarland County,ME
16575,Anthonyville County,NY
18291,Bridgetfurt County,IA
10207,Kylemouth County,CT
23131,New Brian County,WV
94003,East Richard County,NH
58842,Crystalmouth County,VT
12007,Coxberg County,CO
89882,Port Kristintown County,ID
42390,Valenzuelaside County,KY
88036,Port Richardmouth County,AL
46038,Wrightport County,OR
93501,Krystalfort County,NV
09012,New Codyburgh County,KS
72590,West Pamelaview County,HI
71564,Tylerberg County,ND
38559,Lauraborough County,IA
39816,Riveraview County,TN
21145,North Megan County,VI
93799,Port Jack County,SD
93504,Stevenchester County,AL
92280,Annatown County,HI
84085,North Jameschester County,HI
47882,East Lauraton County,IL
67184,Lake Ethanburgh County,NH
29892,Kelleyfurt County,AS
16408,South Renee County,TN
26843,Lake Cherylfurt County,AK
18703,Hancockburgh County,ID
31530,Port Timothyfort County,PA
65253,Mccarthyhaven County,ME
03946,Port Tylerfurt County,TX
47804,North Roberto County,MO
73117,East Laurenstad County,NV
75510,Katherinestad County,OK
48854,Sandratown County,KY
61764,Brookestad County,NH
72806,Bergerfort County,AZ
17510,East Sierra County,OR
80710,South Jorgeville County,KY
11801,West Ryan County,AZ
09118,Lake Patriciamouth County,RI
52688,North Sarah County,OH
94470,North Trevor County,IN
94724,Horneberg County,MS
63240,Susanland County,CA
69404,Phillipsview County,GA
54344,West Christian County,MN
54166,Cindybury County,AL
75854,East Michael County,DC
10167,Millerview County,NV
16927,Port Kyle County,AL
42054,Cristinaborough County,AK
84693,Graceburgh County,MS
10221,Lake Anthony County,WV
59480,East Danielleside County,NY
61558,Johnsonchester County,FL
89644,Morganport County,TX
68312,Jonesfort County,NH
45657,Lake Davidshire County,LA
17322,East Jonathanstad County,GU
84360,Santiagotown County,HI
77543,Michaelaton County,KY
24351,Stanleyview County,AL
17413,West Scott County,NH
57205,Port Laurenland County,MD
66412,Lake Kimberly County,OK
07764,Port Jason County,AS
16775,North Mary County,PR
68409,New Elizabeth County,PA
20557,New Kristinaville County,CO
40363,Port Hollyburgh County,MH
22082,East Destiny County,MO
21730,Andersonhaven County,MH
42792,Ryanbury County,AR
93474,Brianborough County,MT
30053,North Reneehaven County,KY
45854,North Jeffreyberg County,AZ
68513,Hoffmanbury County,AL
37731,Hendersonfurt County,KS
33348,Kevintown County,PW
26230,West Alexaberg County,MN
83739,Jeffreyland County,OR
72700,New Thomasborough County,NM
36473,Paulchester County,CA
16907,Travisbury County,TN
82423,South Joyceton County,MA
40192,East Morganburgh County,LA
81035,Lake Charles County,IL
70425,Lambury County,PA
12746,Tracitown County,MA
66374,Alanfort County,NY
84516,Gregoryburgh County,MP
22604,Lake Alexisfort County,NE
78070,Lake Adam County,WA
76607,West Erintown County,TX
20711,East Johnfort County,MO
22940,East Carmen County,VT
86842,Hoganland County,KY
94955,Ericaland County,WY
79817,Nicolebury County,ND
44753,Terrancefort County,TN
74375,Coopershire County,VT
05900,Calvintown County,AL
04219,Mccallstad County,DE
11147,Davishaven County,CO
06459,North Jo County,VA
84577,North Maryside County,GA
76099,Port Anthony County,SC
35189,New Victorland County,MP
85845,Port Frank County,MA
28132,Wesleytown County,MI
75492,Joyceton County,NH
55103,North Lisatown County,FM
81517,East Jonathonmouth County,NE
84254,Shawville County,AL
04470,New Susanberg County,SC
65779,Port Heidihaven County,KS
72010,Port Michaelmouth County,KY
38468,Jennaport County,IN
84637,Kimberlyfurt County,KS
40097,Grahammouth County,ND
63801,North Heatherhaven County,WA
32597,Jenniferstad County,TX
90284,Christown County,DE
53728,East Susanville County,CT
39486,Lake Josephland County,PW
59947,New Brianmouth County,PR
10065,Lake Adamtown County,DE
90758,East Brianmouth County,LA
08353,Wilsontown County,LA
21220,West Adamburgh County,CT
58120,North Autumn County,NH
54977,Leehaven County,VI
63972,Melissafort County,UT
61376,South Shelley County,SD
27242,North Williamland County,TN
80017,New Destiny County,MA
19331,Erictown County,SD
41471,Saraberg County,FL
94658,Whiteport County,MH
42354,Jensentown County,HI
96734,West Luisland County,VI
45769,Michaelshire County,NE
52761,Eatonhaven County,OH
17640,Kleinton County,AR
49068,Dylanland County,NC
68000,South Victoria County,NC
74117,Benjaminchester County,WY
14418,New Josephfurt County,MO
42328,Rebeccaside County,CT
32186,East Sarahland County,MN
61642,East Leah County,FM
16560,Bentonfurt County,NJ
35559,Taylorstad County,MI
59430,South Vickie County,MA
18966,New Susan County,VA
13190,Leonmouth County,AL
07133,Hoganside County,MN
38539,Jeromemouth County,NH
50852,West Andreachester County,AZ
81159,Johnsonhaven County,DC
55306,Jonesview County,GA
33042,Stephenchester County,PW
21433,Lake Pamelafort County,GA
43418,Keithport County,TX
76219,Davisland County,WI
95020,East Williamberg County,OH
41489,East Sharon County,ID
25382,Tammyport County,CO
21386,Tammymouth County,MS
65809,West Michelle County,CT
67967,Sydneyhaven County,PR
61687,Harveyton County,CO
65874,Nicholasville County,ID
65692,North Natashaville County,AS
03538,Stephanietown County,IA
12303,Kristopherborough County,KS
52044,West Sarah County,DE
66750,East Amy County,AL
60431,South Jason County,WI
32053,Reedside County,ME
28700,Vegaside County,UT
76961,New John County,MI
46755,East Darlenemouth County,PR
06878,Arnoldbury County,MT
07125,Heatherhaven County,RI
37378,Sharpborough County,IA
65367,East Luke County,PA
78818,Willieburgh County,NJ
86256,New Evelynfurt County,MS
88649,South Michaelfort County,TX
62181,Port Shawn County,HI
37954,Shannonfort County,MA
01572,Lake Jared County,GA
14590,South Bryan County,RI
56983,Jenniferfurt County,ID
18056,Millsside County,MO
35165,East Kurt County,NE
95856,West Benjamin County,ND
48444,Lake Paula County,SC
53356,Lake Ian County,MP
48465,East Seanfurt County,CT
06431,Lake Johnnyville County,NJ
53006,Coleland County,GU
07206,West Karenberg County,ID
75248,New Jennifermouth County,WA
74139,Murphyfurt County,NV
26014,New Brittanyville County,FM
48017,Port Charles County,VT
73013,South Emily County,NY
38328,Paulchester County,SD
10138,Calhounborough County,FM
66594,Russellville County,MD
59529,Stantonbury County,TN
72571,Ginamouth County,MT
37164,Port Stevenview County,DE
82190,North Joelburgh County,FM
89682,East Matthewland County,MA
80591,Suzannebury County,PR
16073,Gloverhaven County,IL
17365,Hayesfurt County,GA
13173,Charlesborough County,TN
52130,Port Sue County,NM
49416,East Zachary County,RI
44945,Brittanyville County,VI
73617,Lake Johnnyborough County,HI
48421,North Timothy County,TX
99455,Christinebury County,MP
19410,Lake Stevenburgh County,LA
26591,Michaelside County,NC
79467,Chenbury County,ID
53111,Christophershire County,NC
66047,Yodertown County,WY
05777,Laurenton County,RI
06439,Lorimouth County,PW
05601,Lake Lisa County,ME
18462,Robleshaven County,IL
94032,Port Joseberg County,CA
44153,North Melissa County,NC
62595,Jacksonton County,DE
68570,Christinafort County,MT
60399,Katherineland County,MS
20022,Youngburgh County,NJ
79964,North Rebeccaland County,CT
68069,East Shelbyhaven County,CO
18822,East Steven County,MH
43488,Cruzburgh County,MS
80857,West Lisaville County,CO
42251,New Michaelview County,HI
21800,Herreraview County,IL
81306,East James County,WA
97405,Cortezmouth County,FM
39722,West Donaldside County,WA
78321,Ericchester County,AS
44590,East Anita County,KY
66995,Stephanieburgh County,NC
67310,West Jason County,VA
70275,South Anthonytown County,OK
64706,South Carrie County,ME
93396,West Staceybury County,OH
74284,New Jonathon County,NC
39795,West Cynthiaberg County,PW
62746,Jonesbury County,FL
02681,Port Victoriahaven County,KY
48782,Kimberlymouth County,MH
43917,Port Wendyside County,VA
88818,Lake Todd County,SD
14867,Valentineside County,IA
55097,Bradleychester County,MN
40828,North Robert County,CT
95570,Lake Lisachester County,OK
90684,Robertstad County,MO
82979,Port Stephanie County,AR
03993,West Michelehaven County,HI
78739,Robinsonmouth County,HI
62706,South Nicole County,ND
35304,Tracyton County,CO
86430,Harveyhaven County,AR
76322,Jordanmouth County,WI
76212,South Crystalport County,KY
30325,Lake Jacob County,OH
95056,Coryfort County,ID
07232,North Mark County,AR
76984,East Nicolefurt County,ID
63474,West Jamesstad County,MT
22850,Parsonsbury County,NM
69213,Butlerton County,AZ
82948,Christinaport County,ND
81731,Schneiderville County,OR
50333,East Troyview County,UT
19870,West Dianeborough County,ME
89725,Spearsmouth County,VT
32246,Travisfurt County,MA
04639,New Chad County,MD
75548,South Matthewstad County,ID
92319,South Robertohaven County,PA
14905,Bishopport County,ND
25507,West Anthonyview County,SC
02983,Larrymouth County,MD
58308,Samanthaberg County,NH
41617,Port Georgefort County,IN
55391,Meaganhaven County,NJ
20349,East Stephen County,VT
54628,Michaelshire County,NH
91006,North Jonathonbury County,FL
27225,East Traceymouth County,VT
54289,Lake Susan County,GU
80648,Yolandaland County,IL
62315,Conradview County,WA
96948,Scottbury County,CO
95843,South Shawnland County,WV
08664,Michaelshire County,MH
93008,Lauraview County,NH
18599,Chasemouth County,PA
68485,Danielland County,MH
27677,Kristinland County,AR
74017,Sergiofort County,ID
43105,Matthewburgh County,SD
87300,Turnerstad County,HI
63202,Port Jessicaside County,WI
69376,Maldonadohaven County,MI
49892,Hardinburgh County,TX
41625,Gregoryfurt County,PW
23200,New Teresa County,WA
60750,Kaylaburgh County,ID
70379,Racheltown County,SD
72102,Barnesmouth County,OR
46938,Mosleyfurt County,AR
89088,West Sethfort County,OR
94994,New Michele County,WV
89727,Kellyshire County,NC
84820,Sawyerton County,WY
91374,Gibsonside County,MN
35151,Kingchester County,TN
80464,Lake Paulview County,MS
63963,Weeksfurt County,GU
25701,Alyssafort County,MH
32812,North Brendan County,NE
37070,Donnaville County,VT
73650,West Sarah County,AL
39625,Buckleymouth County,PR
29974,North Veronicatown County,ID
39509,South Linda County,OK
38381,East Lisabury County,DE
92893,Lake Edwardstad County,NJ
90972,Deborahville County,MH
92905,New Robertport County,AR
64595,Lake Laurenshire County,NJ
42056,East Carlfort County,NE
63389,Anthonyfurt County,MO
46219,North Stephen County,MO
73965,Codytown County,OK
95090,Williamside County,WA
36343,Stephenhaven County,KY
38222,Knoxtown County,MS
16475,New Josephtown County,KS
75667,East Georgeville County,GU
89187,Byrdfurt County,MT
71698,New Williamtown County,PW
50268,East Michael County,AR
52213,East Matthew County,IL
45738,East Audrey County,VI
19699,Wyattborough County,WY
38571,Port Mandy County,VI
38201,New Robert County,MA
94104,Jamesberg County,AL
10859,Port Jeffrey County,MI
45899,Garciaville County,VI
58484,Garciatown County,WY
86480,East Angelafort County,OK
34113,Nancyberg County,WA
98456,Destinyville County,RI
63294,Crystalmouth County,SD
28548,North Michaeltown County,ID
26986,Grantside County,MT
71093,New Harold County,CA
36038,Daviestown County,UT
74165,Charlesborough County,MI
91749,Oliviaview County,NH
36102,East Christine County,MP
18493,Shawnville County,PR
14817,Brandonberg County,WA
81199,Lake Jordan County,KS
77418,Murphychester County,NY
31864,Marciabury County,OK
32280,Port Dakota County,AS
07154,West Theodoreshire County,PR
88297,Randallville County,GU
70105,Torresshire County,MP
30080,Jonesview County,AR
84117,Port Michael County,OH
31019,North Trevorview County,AZ
07381,Melissashire County,NH
13634,Mossbury County,FM
54673,Carolynfurt County,ID
43793,South Michaelview County,NV
94526,South Lauraberg County,GA
62419,Lake Michael County,MN
13679,West Tamaraburgh County,IA
89786,Reynoldsfort County,IN
18519,Michellefurt County,LA
01180,Turnerton County,GA
21202,Port Ryan County,HI
53835,South Rebecca County,SC
86076,Nicholasstad County,DE
62851,West Michael County,MN
63081,Pierceport County,MP
85768,Anastad County,NE
26644,Osbornborough County,OK
99579,Williamland County,KS
38150,Lake Davidton County,WV
42597,Staceyhaven County,OR
37910,Port Brianport County,IL
85160,Michaelstad County,ID
08255,Bryantburgh County,FL
12226,Huffmanfort County,MT
85999,South Amyland County,ND
75753,Waltonberg County,TN
30938,Williamsville County,OK
70644,North Steveberg County,AK
97322,Brightmouth County,WI
05389,East David County,OK
23447,Lake Gary County,MD
55274,Port Hannahmouth County,ME
23541,Hudsonberg County,MD
05264,Kevinton County,MH
52535,New Todd County,IN
65431,New Sarah County,FL
24921,Rodriguezview County,AZ
98674,Madisonview County,ND
38442,Port Paulaborough County,NE
05411,Port Erikastad County,SD
01715,Jillianside County,MI
39611,North Pamelaberg County,NE
74944,Jenniferbury County,IN
79508,Port Richard County,PR
14565,Lake Matthewchester County,NY
44415,Port Benjamin County,NM
37799,Shawchester County,WA
60053,Brandonbury County,PR
71712,Boltonside County,RI
69224,Thompsonburgh County,NY
65239,West Scott County,RI
18090,New Amanda County,IL
66589,West Michaelbury County,CT
61845,Lozanoland County,ME
36262,Whiteshire County,PW
25773,Dorothyberg County,NC
15265,Wernershire County,NV
43844,East Samuelhaven County,GU
21799,Shanebury County,NY
96330,Gambleton County,OH
60651,Lake Jay County,MA
85473,Port Rebeccaside County,TX
34221,Lake Angelaburgh County,MO
94689,Andrewview County,NY
24906,Nguyenbury County,ME
02347,Mollyburgh County,DC
97050,Oconnorton County,ND
39170,North Kyle County,IA
74921,Sarahhaven County,WY
88896,Kevinshire County,AS
99759,North Christopherfurt County,VT
25819,Santiagoside County,DC
23503,Robertside County,IN
80580,West Jason County,TN
84220,North Victor County,WV
53649,Jonesborough County,VI
56560,New Tristan County,HI
68039,Jacobview County,MN
43483,Gonzalezchester County,WI
11869,Johnville County,MT
53039,Meaganburgh County,NY
88221,Walterview County,WI
13003,Andreaburgh County,RI
24720,Michaelport County,MP
18931,West Teresaport County,PW
63081,Morrisport County,MP
33013,South Kenneth County,VI
01396,Rileyberg County,AK
34682,Charlestown County,LA
50776,North Julialand County,MN
31371,Port Amber County,CO
59055,South Tommouth County,AK
99297,East John County,PW
35496,Karenville County,IA
43705,New Jeffreyborough County,SD
40077,Mooneymouth County,NY
76845,Jamesstad County,MN
95250,Wallschester County,AL
75589,Batesmouth County,OH
01999,New David County,FL
34783,South Joeville County,MO
86180,Mccarthyfort County,AZ
47628,New Patriciabury County,AK
91303,Rogerston County,HI
31473,North Raymondland County,VT
88029,Singletonfurt County,SC
15996,West Sergio County,NE
61501,East Kayla County,FL
40714,Collinsbury County,NC
21435,Wattshaven County,MS
53639,West Lisa County,NH
90426,Port Aaronland County,NE
66367,Kingtown County,FM
92717,Port Cheryl County,WI
41261,East Derek County,AR
90978,North Cindy County,VI
15890,Shannonhaven County,MH
84218,New William County,KS
39172,South Stephanie County,CO
48675,East Patrick County,MP
81061,Meganport County,SD
29448,North Pamela County,TX
29222,Danielsview County,WI
18008,Stephanieport County,GU
20579,Randallborough County,MA
60135,East Joshuabury County,ID
98508,Port Charles County,MN
79896,East Jennifershire County,FL
49472,Alvarezhaven County,NE
55006,Jesseborough County,RI
92505,Port Kevinland County,SD
72490,Lake Summer County,KS
62213,West Douglas County,TX
99768,Ballville County,TN
70954,Nicholashaven County,NV
87545,Ellisberg County,PA
29128,East Sarahbury County,VA
32936,North Keith County,SC
89674,Port Justin County,AK
99426,Rodriguezhaven County,RI
78595,Shellyborough County,AL
11231,Johnsonville County,MT
69380,Jackside County,TX
69729,Vaughnland County,KY
92745,Brandymouth County,WY
47920,New Thomasville County,MI
10738,West Seanshire County,VT
74447,South Jeffrey County,AZ
15208,South Laura County,ND
08595,Hernandezshire County,OR
72282,Merrittmouth County,WY
66756,Justinland County,HI
26998,East Lauren County,MH
75566,South Christian County,UT
70842,West Jasonmouth County,PR
20142,East Nicole County,AR
22067,Smithbury County,PR
43508,Port Nicholasmouth County,PR
68703,North Kevinfort County,PW
58413,New Ashleemouth County,KS
15736,Jennaside County,MN
89668,New Juanberg County,VA
94468,Sheltonport County,PW
76935,Timothyberg County,GA
64572,New Emily County,SC
12420,East Nicole County,MT
67396,Morrisonberg County,MH
58891,Allisonville County,IA
07793,Jerryton County,ND
59933,Heatherbury County,WY
17795,Janemouth County,CA
67773,North Jamiechester County,MO
54951,Holtview County,WA
60374,North Bryan County,KS
74413,South Elizabethfort County,UT
08068,Lake Gary County,AZ
73743,Erinton County,NC
61105,Ashleyshire County,MP
88682,North Christina County,AR
40893,Lake Bradley County,SD
95302,West Kyle County,WA
52398,South Sara County,NM
33853,Wellstown County,MD
00896,Johnstad County,CO
98255,South Stephen County,IN
29061,Johnborough County,VI
76301,Mendozaberg County,TN
10073,Amymouth County,MT
06437,Patriciahaven County,MI
56035,West Sarah County,OK
45659,East Josephfort County,MP
92301,East Markshire County,DC
08858,Lake Sean County,OK
71432,Barnettville County,MP
08398,Pierceburgh County,NM
09547,Hillbury County,MA
62376,Port David County,AK
04660,Lake Lisa County,IA
38130,Tinachester County,MA
54092,South Loriside County,ME
18251,Gregoryland County,MN
84586,Freemantown County,NM
96090,South Kenneth County,NJ
85157,Amandaside County,MT
55598,Ashleyburgh County,TX
49582,Walterland County,AZ
50633,Port Stephanie County,NM
59291,Harristown County,NJ
49980,Mendezhaven County,SC
49737,Lake Pamela County,LA
11019,South Elizabeth County,ME
89987,East Douglasville County,NY
87243,East Tammyfort County,KY
71188,South Ericburgh County,WY
17932,North Michael County,AZ
86161,Aprilton County,SD
46083,West Jeffrey County,VI
16050,Joshuastad County,MI
23893,Tracybury County,MD
52019,New Chad County,ME
69817,West Darleneport County,KS
17192,Jenniferland County,RI
95902,Christopherview County,MS
29689,Millerview County,GA
00956,Coreyhaven County,WV
99614,Sparksland County,AK
03480,North David County,LA
39608,East Jennifermouth County,WA
61187,New Theodore County,MN
88777,Robertville County,SD
94754,Rhondachester County,MT
71862,Port Matthew County,GU
56092,Weberton County,NH
70222,East Luisfurt County,DC
50213,Abigailchester County,VI
30603,Lake Jenniferville County,TN
32942,West Michelleborough County,WI
60876,Yoderton County,WI
20833,Saunderston County,AK
36630,Kaufmanland County,IL
25205,Torresville County,RI
95531,Smithport County,PA
15291,South Jonathan County,NM
04723,Stevenstad County,FM
87034,Benjaminview County,FL
55451,Lake Kayla County,GA
81100,Meganberg County,WA
02551,Matthewbury County,VT
32045,North Christina County,NJ
27512,Port Scott County,TX
09320,East Carlstad County,IA
13725,Brittanytown County,OR
78350,South Krystal County,NY
04901,North Davidmouth County,MT
59016,North Carrieton County,ME
78853,Christopherport County,ND
88584,Arellanostad County,IL
06881,New Jennifer County,DC
32578,South Margaret County,ID
97565,North Connieport County,PR
06299,Alexandraport County,AR
53226,East Gabrielfurt County,MD
58036,Lake Samantha County,DC
31216,Lake Michaelburgh County,NC
71248,Lake Karen County,TN
28978,New Oliviabury County,PW
99379,Markside County,CO
07899,Lake Sarahfurt County,KY
18868,Kathrynburgh County,FM
66547,South Richard County,GA
38415,Port Marissaville County,AL
31193,Hortonville County,IN
96382,Marshallview County,OH
76012,Nicoleview County,HI
42300,North Logan County,MH
76191,Grantland County,FM
88651,Port Roy County,ME
42531,Port Heathermouth County,WI
31552,Valdezfort County,PW
40053,West Erik County,MH
19278,North Johnfurt County,NC
87036,Danielmouth County,WI
68822,New Patricia County,HI
29473,New Julianfort County,HI
54707,Jonmouth County,IL
39888,Anthonymouth County,MH
36565,Fryestad County,KS
08490,South Tiffanystad County,MH
73471,Lauraland County,FM
78051,West Steve County,TX
96866,Patrickshire County,ID
23456,Obrienmouth County,WV
82551,South Russellland County,AR
89466,Lake Garystad County,MD
56495,Courtneyberg County,ND
65463,South Cynthiafort County,MS
06646,Laraland County,RI
45644,North Desiree County,WA
84821,South Lisa County,OK
88495,Port Staceymouth County,AS
50459,Adriennebury County,OR
69243,North Tammy County,GA
42278,Hernandezview County,NH
91767,West Michelleborough County,WY
55069,North Walterton County,WI
54012,Westmouth County,OH
20059,South Brandontown County,MS
39807,New Stacy County,AL
49844,East Elizabeth County,KY
24602,Taylorside County,FL
99383,North Gordonburgh County,OH
71008,Mccarthyport County,IA
62566,New Cindyhaven County,MD
32085,Port Randyview County,IN
39919,Tuckerhaven County,IA
93244,Ashleyshire County,AK
19421,Kevinhaven County,MN
61190,Smithton County,MH
08053,Port Jordan County,CO
74214,East Lydiastad County,MO
54591,Hermanhaven County,IN
55093,Amymouth County,IN
73545,Sabrinafort County,NV
69968,South Lori County,KY
18076,Jacquelinestad County,HI
51411,Meganton County,VA
32332,Tinaside County,NC
33923,West Mark County,NM
27152,South Jenniferberg County,KY
43789,Kevinland County,NY
85266,East Barbara County,MD
10864,East Patriciabury County,MP
59455,Jenkinsfurt County,IA
12620,Port Angelamouth County,DE
70707,Lake Jodytown County,MI
95473,Lake Angelica County,NC
25467,East Troy County,PW
07256,Lake Keith County,MD
35688,Port Walter County,MS
49937,East Joseph County,NV
88800,Port Markfurt County,MA
79795,Escobarland County,DC
79527,Williammouth County,IL
05684,Marshallburgh County,AK
10040,Dillonburgh County,NC
25163,Mirandaside County,IA
77516,Terryfurt County,AZ
95437,Sampsonland County,AS
88509,North Beth County,ME
73750,East Gregorymouth County,OR
28945,Jensenport County,TX
63336,Matthewstad County,OR
44143,East Rebecca County,IL
40240,Underwoodton County,KY
02510,Cassandrachester County,AS
28263,Port Andrea County,CT
25407,South Kelliemouth County,NJ
97687,Josephshire County,NY
15877,Martinezberg County,IL
98395,Michaelstad County,NV
99372,Lake Colleenshire County,KY
63274,Lambfort County,NH
32298,Brookston County,PW
91678,Davidbury County,MN
79721,New Michael County,PR
92745,New Luke County,NJ
27306,West Bryanport County,MN
52488,New Michael County,WI
31870,Amandaview County,MI
72863,Lake Cristina County,WV
42655,Cruzland County,MN
50395,Michaelmouth County,MA
61613,Charlesside County,NE
70447,East Lindsey County,WI
85530,Lake Amandaside County,IA
47589,Port Loretta County,OH
40926,Lake Tashaburgh County,MD
34784,Leonardchester County,LA
47640,Justinside County,UT
67716,Christopherville County,AR
65680,West Lisa County,VA
61581,East Barbara County,MH
13425,North Roberthaven County,FM
95189,West Melissaside County,MH
62038,Lake Brianfort County,PW
42474,South Nicholas County,WV
27125,Lake Christineshire County,NJ
49090,Kylefurt County,ID
41516,Victoriafurt County,WY
54755,Edwinbury County,CA
74232,Sparksshire County,MO
29503,Perryshire County,SD
97658,Jasonfurt County,IA
19627,Port Paul County,WI
02626,East Ashleyville County,VI
34681,Josephtown County,WV
73024,Josephfurt County,NM
77051,Frankburgh County,IL
76410,East Juliafort County,WI
94874,Port Elijahside County,WI
55233,Mirandahaven County,WV
39192,North Timothytown County,UT
20477,New Marymouth County,SD
26216,Brentmouth County,NE
43737,East Saraview County,PW
30650,Garciastad County,KY
50287,Wayneton County,WV
75184,West Jeanville County,RI
32709,Sarahfort County,UT
72674,New Scottbury County,GU
86301,New Tony County,AZ
90265,Port Joseph County,CO
44746,Kellyburgh County,MO
34229,Martinshire County,AZ
64545,New William County,CO
95339,North Kelly County,OR
84609,Lake Cynthia County,NH
97441,North Jessicamouth County,AS
64804,South Christopher County,GU
60902,Russellside County,SC
22551,New Jessica County,MT
96546,Allisonberg County,HI
46661,Floresport County,OH
22686,North Mariafurt County,WI
18845,New Judy County,MA
94913,South Rachelmouth County,FL
72137,South Stephenton County,CA
64505,Paulashire County,MD
71559,Ellisfort County,CO
84624,Johnsonmouth County,PW
08199,Loriton County,AK
69175,Sarahstad County,PW
04934,New William County,IN
10243,Lake Christophermouth County,UT
88085,Fosterbury County,AZ
06859,Moonmouth County,CA
01337,Lake Christophermouth County,DC
54554,Rogermouth County,OK
18522,Jonathanville County,NC
83168,Gonzalezport County,GA
30835,Scottstad County,AR
09409,Port Michael County,AZ
93191,Lake Lindsay County,ME
20296,Williamtown County,IN
01699,Moodyburgh County,AK
29169,Sarabury County,KY
66788,West Ashleychester County,NM
49417,East Brandimouth County,AK
08424,Lake Richardport County,NH
81481,South Loriside County,ME
84089,Lindseyside County,KY
87893,Port Ray County,SD
81309,East Emily County,DE
63835,Christopherburgh County,WY
86914,West Michaelstad County,WA
64445,Port Seanberg County,MO
02562,Port Kathleenhaven County,OR
01367,Christophershire County,SD
70259,New Randyside County,VI
72806,Markmouth County,ID
54415,East Marcustown County,AZ
02054,Crystalmouth County,RI
02693,Shawnfort County,PA
69892,Port Abigailtown County,GU
95160,West Ricardostad County,KS
36511,North Tracie County,MT
38077,West David County,PW
02747,New Bryanside County,MP
66327,Melendezmouth County,NV
91970,Teresaburgh County,GU
88847,Perezside County,AK
56937,Michaelville County,OH
23997,Torresberg County,HI
14527,West Derrickstad County,MH
13125,Amandaville County,HI
69233,New Tiffany County,AL
20017,Lake Gregoryshire County,MN
32085,Davidbury County,FL
25657,South Luisshire County,OK
81736,Lake Natalieville County,MP
69504,Bennettborough County,OH
33585,Rodneyland County,CO
46958,Port Shannon County,ND
35539,Port Jodymouth County,PW
52523,Allentown County,MI
49397,Josephville County,OH
53719,Davisview County,TN
60662,Lake Katrinaborough County,OR
74556,New Timothy County,MT
32378,West William County,MO
91889,Jamesborough County,SC
30104,South Tiffany County,NH
39819,Jeffreyport County,NY
90159,Martinezside County,SD
11067,Kelseyton County,KS
86187,Lawrenceview County,WA
85683,West Carolynshire County,AL
04653,New Robertton County,MS
12756,Burgesschester County,AZ
53621,Stevensonbury County,IL
50211,East Williammouth County,MI
49937,Ortizhaven County,OK
72944,Brownfort County,WV
62891,Lindaville County,CT
83960,South Kristina County,PR
01739,Williamsmouth County,DC
92624,Rodriguezfort County,FL
22964,Fuentesport County,MN
11338,West Anna County,SC
66018,Floresburgh County,NE
57374,Reynoldsburgh County,MT
85030,Lake Tracyview County,FL
43921,Newmanbury County,MI
74668,Lake Michaelshire County,ID
13000,Markstad County,MT
69727,East Kennethhaven County,WY
06078,Lake Francisco County,MD
30616,East Tinafort County,OH
28211,Port Kenneth County,SD
91240,Allenstad County,WI
74790,Cooperton County,IL
62825,North Michael County,MT
36033,New Kimberly County,MH
10245,Laceyfort County,VA
90210,Michaelside County,MA
37250,Meaganchester County,PW
71677,Susanside County,WY
74361,Austinfort County,NM
86760,Lake Nathan County,NY
04813,Danielberg County,VA
24009,Brandonstad County,IN
41721,North Randy County,NV
02553,Lake Debra County,MP
27653,West Denisestad County,KY
77444,Adammouth County,OK
19400,Smithhaven County,ID
99100,South Sharonfurt County,FL
93917,North Elizabeth County,TX
52706,Brownview County,HI
10585,Brownside County,UT
39727,Jonesborough County,CA
21793,South Craigbury County,HI
32020,North Carriebury County,MN
74778,Floresburgh County,NY
51508,South Scotthaven County,GU
89241,North Laurenville County,WY
71353,Aaronmouth County,ID
43981,Sullivanstad County,NC
50812,Michaelside County,MS
99540,Kaitlynhaven County,CA
97460,Lyonstown County,LA
18844,West Chelseamouth County,UT
90850,North Aaron County,MH
95418,Jorgefort County,FL
10780,Seanmouth County,WI
66140,East Mistymouth County,IL
98209,Barajasburgh County,MO
45833,Bryantmouth County,SD
07539,Hollyview County,MA
13304,Patrickburgh County,RI
57791,Campbellside County,AR
10464,Ortizborough County,NC
45143,Lake Tanyaberg County,WV
79821,South Ronald County,TX
80961,Lake Tomburgh County,PW
78568,Rachelbury County,NH
52497,Port Gary County,RI
43279,Port Ian County,CO
04384,Simmonston County,MO
83616,West Brianview County,MI
36326,South Mark County,GA
59555,Lorrainefort County,OH
64805,West Anthonyfort County,GA
30403,Brianburgh County,TX
47137,West Terry County,AR
72988,Port Josephchester County,MP
49708,New Jessica County,MA
57104,Melissaton County,VA
24846,Lake Jasonland County,AR
89589,East Marie County,MP
87096,East Kenneth County,MO
50317,Carolberg County,IL
11733,Lake Stanley County,AS
81584,West Sarah County,WI
39216,Port Markstad County,WY
32803,Atkinsonbury County,MA
93969,Ingramberg County,GU
10135,Christopherfurt County,MI
11253,Amandahaven County,OK
35624,East Robinmouth County,TX
20715,Derrickburgh County,AS
50308,Garrettstad County,AK
93781,Anthonyville County,OH
83587,Nicoleton County,MN
20722,Martinezstad County,NE
97449,Brianland County,FL
51569,Johnstonborough County,CA
42008,East Melissa County,IL
47778,New Manuel County,MN
12496,West Wayne County,AR
01181,Lake Amberchester County,NM
40906,New Annfort County,VA
58793,Natashaview County,NH
47676,New Adrianbury County,NE
35859,Staffordmouth County,ND
13900,South Travis County,IA
17868,Owensmouth County,AL
11943,South Michealshire County,NC
25062,West Dennisstad County,PA
56990,Lake Moniquestad County,WA
59331,Christophershire County,SD
73506,Kimberlyside County,LA
73211,Ginaville County,CA
67667,Lake Erinbury County,FM
53984,North Jerrymouth County,AK
14039,East Ronald County,WY
03943,North Kristen County,CO
12247,Johnside County,NJ
73143,Philipborough County,GA
12699,West Victoriafurt County,ND
78741,Michaelberg County,VT
78887,Shawnberg County,ID
43024,Claytown County,SC
50994,Torresborough County,VT
02118,Anthonymouth County,DE
38754,Robertberg County,WI
54739,Sweeneyview County,NM
51330,Lake Kellyburgh County,KS
11602,South Stephanie County,NJ
95507,Kennethbury County,WA
73840,Mariahport County,PA
32317,West Jenny County,ME
75468,Ryanmouth County,HI
68803,Cookview County,MN
22728,Port Matthewshire County,AS
90326,Haileyhaven County,VT
50404,Lake Danielport County,IN
18699,Shariside County,AR
35748,East Anitahaven County,AK
39970,Byrdport County,IA
35681,Roseport County,MO
65135,East Mathewmouth County,VI
19628,Nelsonstad County,MI
08793,West Gabrielafort County,DC
22417,South Austinburgh County,DC
57474,Smithhaven County,LA
36671,Wareshire County,IA
55695,Sandratown County,CT
39790,Pennystad County,WV
63970,Jasonview County,WI
10583,Martinezbury County,NV
47834,West Jacob County,AZ
33491,Samanthaburgh County,PW
32822,Tracimouth County,NJ
94990,North Ginaview County,FM
82425,Port Christopher County,TN
78332,South Sarah County,AL
81329,East Wendyville County,TX
26131,South Elijahchester County,CO
60513,Port Wendy County,AZ
14522,South Tara County,SC
18259,Joshuastad County,GA
40433,Port Dianaview County,AS
01388,South Kelly County,TN
52365,Henrychester County,AL
44045,Jamesview County,CT
81790,Evansberg County,KS
50293,Jillland County,DC
43694,Serranoside County,PW
58201,New Timothyberg County,VT
44375,East Paulport County,LA
56942,Justinberg County,KY
85833,South Joseph County,NV
78409,West Adam County,NH
18343,East Lindafurt County,AL
42531,North Guy County,DE
79565,Bateschester County,NH
91634,Debbiefurt County,KS
26827,Douglasstad County,WA
63285,Smithhaven County,ID
41681,Krystalport County,IN
23784,East Marychester County,UT
52699,New Hectorside County,NJ
42331,Wilsonburgh County,MD
38701,North Rachel County,FL
96822,West Angel County,MP
91590,Kellybury County,AK
83456,West Gregory County,GA
64858,North Theresamouth County,RI
75982,Port Sharonport County,SC
32276,Westbury County,MS
43215,Lake Angel County,HI
49791,South Gina County,AL
37240,Cruztown County,CO
48344,New Kennethmouth County,AK
15428,Kevinside County,MN
74406,West Danielle County,NH
26689,West Michaelfort County,WI
78125,Guzmanberg County,TX
72017,Robinfurt County,SC
24084,Port Davidside County,AL
89854,Lopezville County,FM
72603,Port Annechester County,PA
04028,Samanthaside County,NE
95818,Lake Angela County,PW
61006,Burnsburgh County,IL
93348,Flowersburgh County,IA
27980,Howardland County,AK
57970,Curtistown County,NM
38686,Lake Hannahbury County,ND
91312,East Megan County,VA
09565,Rachelborough County,TX
54128,New Williammouth County,AL
65945,Smithport County,TX
18743,Lake Jonathan County,ID
83513,New Ralphview County,NY
40193,Lake Nicoleburgh County,NY
32223,Jamesview County,UT
33620,Lake Daniel County,KY
86833,Rodriguezberg County,AS
20704,New Jefferystad County,OH
94248,Andrewton County,MS
55961,Michaelfort County,RI
49913,Rodriguezfurt County,AK
10195,Shannontown County,UT
59361,West Kendra County,KS
78873,Williamston County,TN
63315,Philipchester County,IN
76816,Tommyshire County,ID
53035,Katherineburgh County,MH
70541,North Debraton County,NC
66903,Murphystad County,MA
55328,West Cheryl County,DC
71757,Castanedamouth County,NJ
05319,West Kevin County,WA
47625,Lake Christinaberg County,WA
92465,Geraldborough County,SC
70874,Port Jasonview County,OR
78334,Dannyfurt County,CA
84148,New Brianhaven County,WI
11639,Morganburgh County,KY
14836,Bakermouth County,MP
33037,Susanshire County,NV
86694,Paulmouth County,VT
87623,Kimchester County,ID
47032,New Davidton County,NV
22303,Lake Bethburgh County,PA
85304,Andreabury County,MD
80805,West Eric County,PR
06307,Benitezberg County,FL
74323,New Josephstad County,CA
89298,Jenniferfurt County,DC
85270,West Brian County,VA
52879,Lake Daniel County,FM
99156,West Ariel County,FL
43964,Port Susanstad County,PR
56921,East Shannonfort County,CT
14387,Josephview County,OH
01883,Millertown County,OK
13425,Hughesborough County,MD
34414,North Billy County,CO
29599,Michaelfurt County,NE
67436,North Stephanie County,NC
98392,Troyburgh County,NE
68500,New Ryanmouth County,NJ
73638,Port Emily County,WV
76590,Jamesfort County,MO
90634,New Derek County,WI
75898,West Anthony County,IA
29472,East Nicholasshire County,TN
49537,Wagnermouth County,IA
51767,North Erinmouth County,MS
61195,Joshuachester County,KY
89571,Port Amyberg County,MA
77648,New Karinahaven County,MP
90997,New Timothymouth County,NH
66098,Robertberg County,MD
20259,Port Isaac County,PA
45716,East Trevorborough County,ME
03720,Jeffreychester County,NM
63778,Lake Andrew County,WA
14204,New Brentfort County,AZ
39223,Virginiatown County,TX
55023,Patelbury County,KY
11754,Fordton County,MN
15714,Richardport County,MA
96203,Allenville County,CT
19070,Nicholasside County,OR
46157,Barnesburgh County,OH
45467,Kellychester County,NY
60182,Powellhaven County,IN
27615,East Thomasside County,OR
68804,Millerview County,NM
63799,Lake Katieshire County,AR
46153,Carolberg County,TN
62912,Hillville County,VA
13296,East Terri County,FM
57932,West Richardfurt County,UT
95134,Port Meganshire County,WV
91827,Joshuaville County,WV
59804,Campbellhaven County,PW
42301,Gonzalesbury County,IL
09305,Juarezchester County,FL
39857,Moyerstad County,AS
06357,East Paulstad County,MD
93664,Morrischester County,KY
15585,West Kimberly County,CO
03461,Lake Gregoryborough County,ME
85431,Taylorbury County,MO
14835,East Amandaport County,WV
89255,Jasonstad County,SD
22043,New Edward County,OK
97558,Hectorhaven County,PW
32471,East Ronald County,HI
68133,North Tammy County,NV
23366,Dannystad County,VI
72840,North Brandon County,AK
21490,Hayesborough County,OK
43884,East Kyle County,MT
73881,West Daniellechester County,OK
56386,East Patricia County,RI
61063,Danielberg County,AZ
30890,Lake Justin County,PA
53591,Lake Brian County,UT
83044,South Jenniferhaven County,NC
24677,West Mary County,MP
24931,Jenniferton County,MN
86655,Lake Derek County,FM
57141,New Geraldstad County,PR
52350,Whitehaven County,MA
04327,Port Jordanville County,NV
97151,Port Kelli County,VI
80993,New Erikahaven County,WY
26364,Garzaberg County,PR
59427,Lake Michael County,TX
78122,North Richard County,PR
56803,Allenchester County,IA
51466,Crystalland County,MT
01084,Danielschester County,AZ
92872,Bairdberg County,NJ
28654,West Travis County,NY
27473,Lake Linda County,RI
36984,South Karen County,MO
99109,South Davidchester County,MI
92744,Hectorside County,GA
08701,New Angela County,AS
13837,Davidtown County,TN
70872,Manuelside County,IA
25006,South Christopher County,UT
48446,New Carlberg County,NM
43228,North Travis County,NH
26331,Larsonmouth County,NY
60473,New Glenn County,PW
15437,Nixonside County,MH
34888,Dodsontown County,MI
88411,Mclaughlinview County,PW
64658,Gravesfort County,KS
69669,Port Hollyport County,AR
84270,North Jennifer County,KS
41579,Alexandriafurt County,PW
78747,New Jennifer County,PW
51440,New Andrewstad County,MH
80626,Lake Garrett County,MP
51952,Charlesport County,IN
77440,Smithburgh County,AL
46104,North John County,RI
46636,Port William County,DC
60513,East Debrafurt County,TN
81419,Paulton County,NV
23114,Randyfurt County,DE
88789,Cookhaven County,NH
93036,Salasville County,AK
39487,West Amandaport County,GU
81042,Lynnbury County,DC
77855,Rivasberg County,KS
11609,Hammondhaven County,CT
88595,Rhondaport County,HI
18057,New John County,NC
41550,South Carolineville County,VA
15949,Ryanberg County,DC
31771,Port Lindatown County,NV
40527,New Brian County,AK
15829,Lake Nicholasshire County,NJ
24493,South Melissa County,MN
91391,Andrewside County,GU
19029,Port Vernonstad County,OR
67455,Port Pamelaport County,NC
51417,South Barbaraborough County,IN
55320,Jonesshire County,AS
78675,Nancytown County,OH
18571,Hickston County,PA
75841,Codyport County,MD
50794,Brentfort County,NH
55949,West Kristie County,OK
24848,East Michael County,NJ
64289,East Tyler County,PA
83797,Thomastown County,CO
70936,Millerland County,CA
91390,Paulborough County,AK
85076,South Robert County,MP
23207,Katrinatown County,VT
73234,Brendanberg County,TN
22372,East Alyssa County,ID
38359,Princetown County,CO
18889,Tiffanystad County,NM
25024,Danaview County,GU
41733,Leemouth County,TX
59614,Cassandraville County,PA
81688,Marcusport County,FL
07527,Barronstad County,OK
47560,Danielmouth County,NE
01757,West Cynthiahaven County,CT
64019,North Victor County,GA
18396,West Natalie County,IA
26076,Smithstad County,CA
50825,West Susan County,TX
74108,Taraville County,FL
66749,Reedtown County,VT
86100,West Willie County,VA
65377,Lewismouth County,RI
54127,Dominiquemouth County,WA
90245,Smithburgh County,PR
54978,Jeffreyview County,NE
93580,Ronniemouth County,MN
58677,Christinefurt County,KY
64555,West Dominique County,PA
22423,Andersonview County,CA
11336,East Ashleyburgh County,MA
74608,New Alan County,AS
04545,South Robert County,VT
29406,New Kaylaburgh County,NM
38785,Port Kyle County,FL
04786,Lisachester County,GA
36526,Lake Thomas County,OR
29971,Fisherside County,WA
70966,Lake Jasonmouth County,MO
38337,Kathrynhaven County,NC
22548,Parkermouth County,MS
60443,South Angelaland County,PW
74641,West Dennisborough County,IN
97824,Samuelhaven County,GA
72554,Johnmouth County,ND
67453,Robinsonhaven County,AZ
15339,Josephville County,OR
75567,Lake Annamouth County,NH
15470,Gregoryville County,SD
35613,New Scottfurt County,AZ
71687,Davefurt County,NM
48586,Rangelfort County,PW
71547,South Michelle County,AZ
99694,Alexanderstad County,UT
05954,Priceberg County,WV
94739,Lake Christopher County,ND
58351,New Paulside County,NM
72112,Brooksburgh County,DC
29145,Castilloview County,NV
56226,Gibsonmouth County,AR
13924,Davidville County,SD
96968,Aprilberg County,CO
86179,Elizabethside County,FM
32945,Leeville County,WY
39522,Jasminville County,MI
04725,New Ronaldberg County,IA
59448,Lake Frankshire County,ME
34948,North Hollychester County,MT
46189,Ashleechester County,ID
11902,East Benjamin County,AR
58050,Daviesview County,CO
15887,Port Carlosmouth County,PW
31557,Jamestown County,FM
28010,Brookeland County,KS
97181,Monicastad County,NJ
77561,Bakerbury County,FL
90827,Brittanystad County,OR
46458,South Lindastad County,NY
93660,West Mollystad County,KS
80489,North Patriciaville County,PA
83439,Garciastad County,OK
56621,North James County,PW
81261,North Fred County,MT
18750,Lake Jessica County,KS
27583,Stevensonshire County,UT
27625,New Shari County,AS
08281,Douglaston County,TX
75221,East Edwinberg County,ND
46483,Port Elizabethburgh County,RI
70268,Longfort County,RI
37343,New Peterborough County,PR
78732,West Jamiechester County,NC
71118,Port Maria County,PA
22570,New Christopherside County,NV
42922,Robertstad County,ID
92782,Port Michael County,FL
38857,Lake Stephanie County,SD
38424,New Paulaborough County,NC
75570,Smithborough County,NV
35542,East Sharon County,KS
67926,Shawnburgh County,GU
12982,Bellview County,NH
18272,East Karimouth County,WA
98817,West Heather County,RI
54449,Ramosbury County,PW
08271,North Jillberg County,WI
36850,Cookmouth County,RI
86470,Lake Michaelburgh County,DE
17132,Riosstad County,NM
92438,West Margaret County,MP
17893,New Aimee County,CT
33226,North Jessicaborough County,ID
19669,Daisyland County,PR
93744,Port Robin County,MI
42718,East Stephen County,PW
32948,Harrishaven County,NM
89136,New John County,IL
51973,New Jennifertown County,NJ
64655,Lake Stanleyville County,GA
19135,Nicoleville County,CT
83391,South Codyland County,GA
35722,Kellyport County,MN
82789,New Deborah County,VA
54794,Prestonfort County,GU
49675,Jacquelinechester County,MS
59744,Clarkland County,MN
10399,Woodschester County,AZ
83551,Nguyenmouth County,ND
12703,West Charlesville County,MH
53303,West Shawn County,SC
68083,Brownfurt County,MT
98779,New Randy County,MA
36968,New Nicole County,NC
91557,West Kristenville County,MP
48875,New Bryanmouth County,UT
60098,West Mario County,FM
64469,South Michelle County,VT
43399,Port Sheila County,IA
76779,Lake Georgeview County,KS
96540,Lake Rachelbury County,VI
12709,Hunterchester County,NE
96305,Martinberg County,MI
60590,North Patriciaville County,MT
83710,Reynoldsport County,DE
87551,Hansonmouth County,TX
91896,East Wendyburgh County,DE
47453,Christopherland County,FL
08801,North Brittney County,PA
70549,West Williamberg County,PW
52630,New David County,ME
29052,New Robert County,HI
56815,West Danielmouth County,FL
28268,Lake Shannon County,ID
65344,Dunnhaven County,UT
35698,Port Edwardview County,MH
42819,West Joshuafurt County,OH
37672,West Tonya County,MH
44771,Lake Jacobbury County,ID
76251,Markfurt County,TX
17618,Jamesbury County,NH
74706,Port Eduardoview County,DC
64115,West Taylorton County,FL
45555,Kathyberg County,MT
89964,Davidview County,WA
06846,Lake Briana County,OK
06522,Santiagochester County,WY
13552,Oliviaville County,OK
82575,Millerburgh County,NY
60739,East Erik County,WA
02635,Callahanbury County,MO
16785,South Tony County,UT
21208,West Kimberly County,NV
58341,Port Briannabury County,LA
60337,Lake Brandon County,ND
00589,Brittanyville County,DE
56573,Melindaview County,AR
27019,New Jamieville County,MD
17791,South Lucashaven County,WI
85697,Port Russell County,DE
40067,Lake Kathleen County,DE
21338,Port Jenniferbury County,SD
36417,North Lancemouth County,FM
12735,Feliciatown County,OR
86299,East Robert County,LA
47743,Whiteville County,LA
33320,Moorebury County,PW
11304,West Darlene County,MD
49239,South Michelle County,VI
87599,Harrishaven County,NC
85555,Karenborough County,NH
22196,New Seanshire County,KY
07288,Laurenview County,PA
52450,Seanland County,SC
82500,West Jamesville County,ME
40544,Kimberlyshire County,DC
95657,New Ryanview County,NY
99490,Deborahland County,AR
31190,Frankville County,MI
56761,Lisaborough County,NE
86416,Clintontown County,VA
12454,Ericside County,DC
92736,North Brandy County,SD
12976,New Brandon County,KS
00643,South Stephenhaven County,MN
28474,New Karen County,TN
62997,Christystad County,CO
10716,Port John County,AR
17894,Crossside County,IA
78315,Lake Maryhaven County,RI
30148,North Robin County,IL
68585,East Amber County,CO
89627,Port Jennifer County,AR
58836,Jessicafurt County,AK
01718,Jeremystad County,AL
01557,Andrewmouth County,IL
45533,Port Cynthiachester County,OK
16307,Scottmouth County,MP
55854,Lake Jessica County,SD
91469,North Susan County,TX
17825,North Samantha County,DC
63114,Victoriaville County,DC
09784,Marshtown County,CA
30509,Sullivanfurt County,HI
50710,Williamsberg County,MO
12209,Port Heatherburgh County,NV
96283,Dawntown County,MI
13926,West Madisonchester County,IN
14027,Kennethfurt County,NJ
41572,Scottview County,CA
48678,West David County,NE
39724,New Glenton County,AK
18474,East Penny County,FM
50665,Port Cynthiastad County,ID
99218,Jenkinsmouth County,TX
84593,Elizabethview County,AL
89254,Benjaminland County,NV
19225,East Andrea County,ND
09467,Leefort County,MI
70035,Clarkland County,CO
74332,Fullershire County,OH
01611,Sandovalport County,AZ
80496,Hendersonchester County,IN
85700,North Curtis County,WV
22012,Port Javier County,RI
58185,North Alan County,ND
46531,Shannonberg County,KS
95191,Sanchezton County,OH
28426,New Sharonport County,NM
82824,Powelltown County,DC
98578,Port Lindseymouth County,SC
20341,Port Edwardfurt County,ND
54464,Millerfurt County,PW
81251,Lake Stevenshire County,PW
58485,West Susanberg County,LA
28975,West Jesseborough County,AS
11863,East Brenda County,ME
13669,Ruizstad County,NV
18852,Lake Joshua County,FL
99125,Susanmouth County,MO
16643,Justinshire County,ID
77777,Port Rebeccaview County,MD
96184,West Jonathanstad County,OH
50836,Pattersonside County,NM
46577,Riveraton County,NV
56781,North Cassandrafort County,IL
41723,Jessicaborough County,FL
18828,Summerview County,WY
32978,North Kimland County,VT
36803,Estesstad County,ID
84992,Rachelville County,MA
11543,Johnsonburgh County,AZ
33028,Harrisshire County,LA
79275,Roberthaven County,KS
79145,New Timothyburgh County,ID
95027,Ambermouth County,PR
80139,Jonesshire County,TN
37846,Lake Julie County,ID
91003,Port Heather County,NE
04016,South Luis County,MS
86799,Chelseatown County,MI
40038,Littlemouth County,RI
27429,Lake Paul County,MI
68363,North Crystalside County,CO
80052,East Christy County,CO
67285,Sparkston County,MN
25227,Lake Amberland County,PR
98522,Lake Brittanyside County,OH
51848,East Bridgettown County,TN
39238,Vincentstad County,FL
85195,Joshuaport County,MP
07653,Anthonyville County,SC
65366,Kristenland County,VA
51079,New Ernest County,DE
15278,East Ashley County,WI
32100,New Yvonnetown County,PA
65982,Collinsmouth County,UT
84135,Port Kimberlyfurt County,WY
78348,Owensview County,OR
09808,Port Aprilton County,MD
69744,Robinsonberg County,FL
02082,South Robert County,GU
47830,Willisshire County,VT
41981,West Jesse County,GA
17800,Danielton County,DE
51204,Powelltown County,KY
74999,Port Jennifer County,MN
55664,Jonesshire County,AR
48396,Port Lisaton County,MH
72113,South Thomas County,KY
90015,Kinghaven County,MI
62237,West Brandonview County,PA
10068,North Justin County,CO
02688,Charlesfurt County,MH
77487,Dylanville County,ND
09352,South Tamara County,OK
02308,Aaronside County,DE
34866,Jamesmouth County,IA
28778,Wellsstad County,RI
05721,South Stuart County,WA
08426,Lake Melissashire County,MH
52664,Mcleanborough County,TX
66903,Lake Alan County,DE
38051,Juanland County,NJ
82889,West Mariaberg County,NM
93906,Port Meredithchester County,PR
66174,Clarkview County,UT
54952,Benjaminhaven County,DC
56019,Michaelview County,WY
92488,Sarahfort County,WY
11304,New Tylerberg County,ND
84457,New Kristinatown County,VA
70829,North Donnaton County,MO
70972,New Deannahaven County,NH
81247,North Robin County,WI
20513,West Tracy County,ME
36869,Thompsonmouth County,GU
11458,Lake Patriciamouth County,CA
41121,East Jenniferstad County,ND
10858,Ritamouth County,PA
67518,Howardland County,AZ
27134,Simmonsstad County,AR
20866,Nicolasville County,WI
70806,New Davidfort County,KY
43328,Port Michaelshire County,NC
51714,New Joeport County,CA
77366,East Shane County,VI
83639,North Madisonchester County,LA
85676,Jimenezmouth County,AZ
84800,South Ryan County,NE
09166,North Jennafort County,WV
41155,East Samantha County,NC
92077,Brookeburgh County,SC
57843,New Maryville County,MD
96178,West Denise County,NH
31779,New Michelle County,MA
08090,Arianaport County,UT
32545,Janicehaven County,ME
11801,Huffview County,AR
57449,Mortonside County,AR
15703,West Phillipchester County,GU
59925,Andersenberg County,MA
80755,Andersonfort County,MA
80301,Denisechester County,MS
07713,Martinezstad County,IA
41040,Port Hollychester County,PR
87805,Edwardport County,MO
97716,Ramirezshire County,RI
97580,Jamesmouth County,NE
23523,Port Meganville County,KY
16156,Port Michaelburgh County,IA
02161,West Christinaport County,DC
93286,Lake John County,ME
18485,Matthewfort County,MP
92447,North Scottmouth County,OH
01988,South Stacystad County,NC
21974,Port Lindaborough County,NJ
65566,West Brandy County,MI
45944,Andreastad County,TN
69052,Elizabethton County,OR
68294,Kennedymouth County,HI
94973,New John County,MT
34481,Parkshire County,NH
22385,Port Tanner County,TX
49242,Oneillstad County,NM
17138,West Stephaniebury County,AZ
98775,Robinside County,AR
96568,Nelsonmouth County,PW
15974,Brownview County,LA
04348,North Rebeccamouth County,AL
44411,Trevormouth County,NM
56773,New Michaelfurt County,ID
36150,Lake Julieberg County,DE
69163,Marshallport County,MP
08872,Dorseymouth County,FL
34966,North Kelli County,GA
93866,Timothyfort County,VI
76083,Port Barbaraburgh County,UT
82752,South Roybury County,AR
10602,Port Kevin County,DC
65532,Lake Lisa County,SC
60164,Andrewtown County,OR
67450,Meganmouth County,IN
47703,Kristenchester County,NY
07767,Tannershire County,CA
65985,Bradshawborough County,AR
22374,Hartview County,OH
48694,Port Priscillafort County,VI
21119,New Lisa County,HI
33939,East Catherinestad County,MA
13988,New Tammy County,NE
75724,Henrymouth County,VI
88859,Port Lukeberg County,MS
95237,Clementsshire County,NV
15618,South David County,NV
30438,New Justinchester County,IN
97596,West Whitneymouth County,SC
67193,West Autumn County,WA
00837,Taylorville County,OK
06273,East Stephanieshire County,PA
02111,Paulside County,MN
32554,Dawsonchester County,FL
06527,Jeffreyburgh County,ND
62336,Ericashire County,KY
48208,Joshuaside County,DC
20172,East Debra County,MT
23957,Velazquezshire County,KS
05136,Lake Douglas County,NJ
72966,Williamsborough County,MD
94089,Warnerhaven County,IA
97581,Lake James County,SC
86445,East Wendy County,TN
55468,East Meghan County,MN
29928,Barberstad County,GA
42680,Stephenville County,SC
33041,Williamston County,MN
55060,Danielview County,OK
94910,Thomasville County,IA
42435,Burtonton County,OR
36055,South Patrickview County,AZ
10709,Justinport County,CO
75413,New Georgefort County,UT
49365,East Randy County,CT
16151,Garyborough County,MO
88755,Ramseystad County,AK
07404,Westhaven County,NE
24008,East Tiffany County,NV
29754,South Cody County,AL
68104,New Micheleland County,TN
06520,West Corey County,AS
53051,Lake Jacob County,AS
09535,Knoxburgh County,ND
61461,North Reginaldville County,VA
37503,Huntermouth County,OK
41224,West Ernestfort County,MD
43400,Mayview County,NC
11823,Lake Kenneth County,MP
72995,Rileyville County,ME
60367,Chaseborough County,RI
01545,Cobbberg County,AS
48855,East Amytown County,AR
26803,West Jerry County,MA
38720,Dorothystad County,WA
40335,West Robert County,GU
97438,Port Michelle County,MN
82121,Valdezside County,WA
32296,Janetfurt County,CO
61308,South Donaldport County,GU
48771,Lake Carolyn County,CT
78055,Allisonmouth County,SC
65166,New Benjamin County,CT
26115,Elizabethborough County,NY
96506,Turnerbury County,IL
72139,Christinachester County,KY
32630,West Lori County,MA
20236,Jeffberg County,NY
01336,Lake Anitaport County,WV
54245,North Brenda County,WY
03634,New Michael County,CA
31040,South Christian County,IN
71482,Davidport County,OR
45907,North Haleybury County,AZ
91394,Christopherport County,NC
01758,Floresborough County,OR
44412,Nathanport County,MN
00692,Kristenburgh County,WV
86655,South Valerieport County,TN
49820,Smithborough County,FL
97242,Ritaborough County,WI
95818,Tammyview County,MO
40807,West Glenn County,HI
14125,Murphymouth County,DC
27396,North Craig County,NJ
69944,Port Rebecca County,OK
31718,Ronaldborough County,IL
55527,New Meganside County,AZ
64992,Hudsonberg County,VA
08351,Simpsonton County,MA
19162,Mendezton County,MI
93778,Adamborough County,NM
37178,Michaelmouth County,MA
06255,Scotthaven County,WI
30840,Franciscoport County,FM
68626,New Chadshire County,AL
54641,Hawkinsshire County,PW
92362,Robinsonborough County,DE
49324,West Jessicaborough County,AS
60592,Port William County,KY
98529,Port Ronald County,VT
11629,Hopkinschester County,NE
76623,Jefferymouth County,CA
13028,Lake Alan County,CA
66748,Rhondaville County,PR
18000,Frostbury County,RI
84022,Lake Amanda County,FL
52189,Oliviashire County,FL
10309,Robertstad County,ND
78081,South Gregoryton County,VT
74926,Samanthabury County,HI
08664,Kendraville County,KS
87328,Thomasland County,VI
17633,New Michellefort County,PW
31535,Chenview County,VI
38731,North Shannon County,MT
34709,Bradleystad County,CT
41789,Gibsonton County,PW
52006,East Ashleyhaven County,ND
92346,West Rose County,AZ
96885,Port Nathan County,RI
43263,Lake Angelaborough County,CT
42189,Blakehaven County,GA
59844,New Josephburgh County,VI
36146,South Jacqueline County,OR
31120,South Christopherhaven County,NH
10290,South Phillip County,WA
27070,Port Jonathanburgh County,UT
18341,Port Markberg County,GA
77139,Port Dave County,WA
14784,East Gregory County,ID
14349,Lake Davidberg County,MS
22045,Michaelland County,ID
59426,Port Dawn County,IN
61587,Carsonchester County,AR
41661,West Valerie County,LA
53783,Rodriguezstad County,VT
16326,South Gregory County,AS
70745,Hernandezview County,SC
47462,Nicholasshire County,VA
27716,West Mariah County,ME
59734,Tinaborough County,VA
40911,West Jamesburgh County,NE
61232,Lake Kathleenland County,MD
35236,Littleside County,CO
16218,Martinmouth County,NY
12352,Port Bryan County,IA
21159,East Leah County,KY
90423,Elijahhaven County,NC
40375,Mendezchester County,AR
91842,New Charles County,CO
79577,South Tammy County,PW
05787,Heatherside County,MN
28684,South Ryan County,LA
43465,Davidbury County,NM
19942,Kyleton County,MI
12456,Port Amber County,MO
93713,Quinnburgh County,OK
33035,Hernandezland County,MS
47128,East Richard County,VA
52437,South Christinaborough County,MA
67801,East Julie County,MH
06917,Russellbury County,MD
89260,Bryanttown County,FM
39670,Tamaraland County,NM
34601,West Jacquelinechester County,NJ
23290,Lake Michaelshire County,NY
04574,East Ann County,CT
53505,West Brittneyview County,OH
73370,South Jamiehaven County,OK
98553,East Lisa County,GA
72606,East Seanshire County,PR
33249,East Anne County,IA
12916,Jacobshire County,MT
61061,West Christopherville County,PW
13858,Michaelfurt County,MN
18823,Jenniferbury County,SC
16420,Danielbury County,CT
02068,Richardmouth County,OK
08584,Tinafort County,AZ
29636,West Rebecca County,MA
17634,Camachostad County,WY
26470,Lake Christineland County,NH
53006,New Baileymouth County,DC
49291,West Bonnie County,CT
90453,Pennyhaven County,GU
83115,New Ryanmouth County,DC
85001,Port Wendy County,MT
76827,Nicholasshire County,IA
77324,Butlerchester County,NE
34425,Port Meganhaven County,VI
10329,Joseton County,KS
03358,New Brendaview County,AL
08951,West Ashleyland County,NH
26420,Lindseyton County,MA
85171,Port Anthony County,UT
58622,Laurenville County,MO
17381,West Robertmouth County,WI
12556,Clarkmouth County,TX
43957,West Daniel County,ME
16560,Williamsbury County,NC
06097,Michaelburgh County,MH
60924,Zoestad County,NV
07138,Port Michael County,MD
22519,Boothview County,AR
75721,South Dawn County,LA
57275,New Marioland County,NM
52274,North Josephberg County,SC
65529,Mcmahonville County,AK
04365,Flemingberg County,MO
50666,Edwardsfurt County,GA
90051,Jonesborough County,AR
56424,Lake Dawnstad County,FL
23151,Terryland County,IL
46893,Brianton County,NC
28644,East Markfurt County,MD
25031,Simsland County,DC
36543,North Bernardview County,IA
37182,Austinmouth County,SD
58960,Adammouth County,MS
19982,Morganview County,IL
05042,Nelsonfort County,MS
80993,Lake Samuelshire County,OR
81657,West Jennifer County,FM
81369,Carsonmouth County,ID
32716,Rodneyberg County,DC
39181,Angelaborough County,WV
65891,West Justinstad County,MI
54501,New Bradleyton County,SD
72680,West Ellenport County,VT
63288,Fordton County,GA
08493,East Danielside County,NV
11998,West Nicholas County,MS
37171,Michaelport County,NE
50703,Kellyshire County,FM
18488,Georgeview County,FL
55450,West Austin County,MT
26644,East Kristen County,GA
84734,West Nicole County,ME
69420,Michaelmouth County,CO
33157,South Monica County,VI
83175,Ronaldview County,DC
71759,Bankschester County,CO
03060,Vasquezport County,ND
50635,Lake Thomas County,FM
47570,East Shannonfort County,SD
63374,Torresmouth County,DE
71872,Jamesport County,TX
64028,Kelseybury County,OK
45594,East Angelaside County,MS
74642,Anthonyshire County,NM
66350,East Gary County,AR
42654,Williamville County,DC
51406,Shawmouth County,KS
35947,Port Hollymouth County,OR
24069,Potterstad County,VA
03917,East Darius County,TX
42296,South Randall County,DC
78766,East Bailey County,IA
29208,Deanland County,CT
04341,Weavermouth County,MT
37323,Adamstown County,DE
08180,Snowburgh County,MS
62325,Port Michellemouth County,ID
47350,Simpsonview County,PW
77045,East Ashleyburgh County,DC
31009,New George County,PA
21423,Velezborough County,CA
13625,New Tammy County,VA
32988,West Veronica County,RI
86597,Port Sandra County,UT
32109,North Stevenport County,NC
35435,Port Christopherfort County,VT
70452,West Mistyville County,DC
97108,Anthonyfort County,WI
07829,Andrewsstad County,ID
29259,Hubbardport County,GA
75958,North Kimberly County,MD
51412,Muellerview County,NH
47005,Stacyport County,OR
23269,West Staceyhaven County,VT
23582,Port Carlos County,NM
31506,Port Michellemouth County,KS
42182,Lake Michaelberg County,AS
97245,South Jeremy County,DE
91940,Walkerside County,LA
47527,Mitchellville County,NH
78038,New Taylorstad County,ME
04198,Macdonaldshire County,PW
92703,West Charleschester County,MO
92324,Ronaldhaven County,MO
46596,Torreshaven County,RI
74904,Wrightfurt County,CT
74374,New Michaelfort County,LA
19126,Johnshire County,OK
74308,Harrismouth County,IN
25173,Karenstad County,HI
65018,Lake Blakeburgh County,VI
71558,New Gabrielleside County,WV
41009,Port Nathan County,MH
23511,Taylorview County,OR
64783,New Charles County,FL
12331,Smithmouth County,ND
07863,North Cody County,NE
30991,Brownfort County,GU
79362,Johnsonmouth County,WI
29180,Sharonville County,MT
03113,Port Michaelmouth County,WV
69503,North David County,MS
63151,Greenmouth County,WA
00590,New Jasonburgh County,IN
43982,Jefffurt County,OR
80996,Lake Joshuaburgh County,MP
26907,South Markchester County,DC
17604,New Cassandrastad County,GA
45164,Port Shannon County,AL
94471,Fischerbury County,OH
23761,Sarahmouth County,KY
42914,North Sara County,AL
08307,Maxwellmouth County,MI
03373,Rebeccafort County,RI
77389,New Carmen County,DE
92866,Sheilaview County,MA
19067,Johnberg County,PA
15039,Sarahfurt County,MH
69483,New Russell County,TX
48327,Alexanderbury County,FM
10007,Sheamouth County,WI
49468,Port Judyburgh County,AZ
92846,Emilyborough County,NM
87288,West Tiffanyport County,PA
52352,East Jamesview County,PA
77311,West Jenniferside County,OR
13743,Denniston County,NM
44614,South Casey County,IA
40053,West Karenmouth County,TN
42785,Josephtown County,IL
18385,Kennethton County,PR
21145,Morgantown County,NV
96491,Richardstad County,KS
84290,East Nicole County,UT
64359,New Derekshire County,MA
85590,East Joy County,TN
42087,Ballton County,MN
23334,Lisafort County,WY
93192,Munozland County,MH
74160,West Kristine County,CO
91407,Port Edwin County,NJ
80941,East Andrea County,FM
47270,Daveville County,MT
29761,Williamfort County,KY
87733,South Kim County,NE
77695,Nealstad County,VA
23484,Lake Hannah County,LA
50096,East Aaronside County,VA
40716,West Courtney County,IN
96707,Port Jamesberg County,OR
90743,Fuentesport County,OK
39103,Roberthaven County,SD
23793,East Ericberg County,NJ
96030,Port Donaldberg County,MS
00736,West Tracie County,MT
92514,Jeremyside County,PW
75583,Turnerborough County,GU
51828,West Ronald County,KS
74882,Phillipsborough County,OK
04745,East Alexa County,GU
24366,Phillipsbury County,NE
79457,Gallowayview County,KS
42210,Port Luis County,HI
80635,Jonesport County,VA
29454,Randolphview County,MA
84340,Colinborough County,AZ
74628,Tracyville County,DC
14146,East Jamesside County,MD
65536,East Travisburgh County,VI
18935,Lake Robert County,CT
43907,Medinatown County,MS
10699,Port Danielle County,IA
31695,East Elizabeth County,AK
45958,West Josephview County,NC
42380,North Marioport County,NM
22506,Andrehaven County,CA
83887,Williamsport County,NM
12130,Josehaven County,LA
93426,Angelville County,MH
88322,North Ericport County,ID
84269,Port Neilview County,TN
96089,Port David County,IL
44508,Debrabury County,PW
59041,Harveyland County,TN
01994,Johnside County,NY
35262,Nguyenmouth County,MP
27984,Jamesburgh County,FM
33208,Thomasburgh County,DC
91356,West Jessica County,HI
09386,Hallville County,OH
34141,Nancyhaven County,CO
14661,Christopherchester County,ND
94927,Harrischester County,AZ
00668,North Joshua County,AS
06811,Davidbury County,MI
51086,Laurenside County,NE
57939,Thompsonfort County,LA
96522,Mollyton County,ID
55505,Lake Nathanielside County,GU
22303,West Richardside County,PA
54767,Valerieshire County,WV
65130,Jonesborough County,AL
50139,Summerschester County,WY
46537,Carlside County,AZ
72069,Emilyport County,NH
49698,Robinsonborough County,NV
13795,Amandahaven County,WY
63348,Kimberlyshire County,NV
76267,Higginsburgh County,NC
99885,Tylermouth County,SD
90568,Rosestad County,CT
30068,Lake Richardport County,MH
21820,Rodriguezland County,GA
59652,West Diane County,VT
10162,New Matthewfurt County,DE
04880,North Sarahview County,CO
39155,Michaelafurt County,ME
03132,West Amandashire County,IN
42275,Calderonshire County,TN
34727,North Christopher County,RI
14227,Christophertown County,FM
10226,Leslieview County,DE
45302,North Michaelchester County,PR
22797,Port Joshua County,VI
49713,New Joshua County,IN
21591,Samuelshire County,AK
96443,New Ashleyborough County,NV
10331,Ianborough County,PR
12704,New Janice County,MP
44796,Simmonshaven County,ND
78361,Sweeneyton County,KS
80932,North Joannamouth County,MN
63774,West Sophia County,NC
92841,North Jessicashire County,FL
04563,Mathisside County,NC
57035,East Jessicaburgh County,IL
86174,Coleburgh County,AK
22127,East Georgefurt County,IL
80103,East Ebonyfort County,NY
57412,Schwartzmouth County,PW
21092,Campbellport County,UT
07520,Lake Williamshire County,MP
13773,Murphyview County,IL
43898,Hardymouth County,VA
27442,Dukehaven County,MN
25402,Jamesbury County,MT
54146,West Charles County,DC
73129,East Sandraburgh County,MD
95139,New Erica County,ID
96180,Port Heather County,OK
71296,Lake Jaime County,FM
35269,New Annettechester County,NJ
87086,New Rodney County,FL
37400,South Tracyville County,MD
39481,North Kathleenville County,MD
31636,West Amyberg County,NJ
13072,Port Donnaton County,IA
07006,Aprilhaven County,MN
51999,Jonesport County,TX
75444,Daniellebury County,WI
72546,East Jenny County,VA
64850,Smithshire County,CO
20632,Laurenhaven County,PR
07645,Port Angela County,MI
47795,Acostatown County,AS
01001,Jeffreyhaven County,VT
11986,Collinschester County,WA
39108,Turnertown County,IN
87273,South Elizabeth County,AK
82432,Ortizborough County,IN
79172,New Deborahshire County,LA
63458,Whiteborough County,AR
26672,Smithhaven County,NH
13213,Brownchester County,NE
03874,Ashleyland County,WV
27626,West Joshua County,MD
22892,Snowborough County,ND
84149,New Andrewland County,DE
38749,Brandystad County,MN
11240,Angelatown County,AR
62572,Michelleview County,IL
15640,Dillonville County,CA
40917,Philliphaven County,AZ
52597,Port Michael County,PA
62228,Franklinburgh County,AL
87144,Hannaton County,MA
35235,Robertborough County,IA
12446,Feliciaport County,AL
84631,Lake Antonioview County,MD
71820,North Kristy County,KY
51294,Coopershire County,SD
24733,East Charlesberg County,TN
49131,Laurenport County,WA
50497,Bryanside County,UT
48919,Vaughnfurt County,MP
24956,East Charlottemouth County,HI
58929,West Edwin County,AL
06349,North Laura County,MO
35011,Brittneyburgh County,NJ
58138,Lake Adrianaside County,FM
61457,East Stevenburgh County,VT
35025,Olsenport County,KS
30155,Reyesbury County,AZ
35701,Kimmouth County,IN
08580,South Hannah County,PR
20309,Jonesbury County,ND
99097,West Suebury County,FL
91788,Martinstad County,DC
87987,South Stanley County,IL
13176,South Rachelhaven County,IN
11734,Richardfort County,OH
88075,Morrisstad County,GA
45562,Blakeberg County,NE
71469,Ambertown County,MN
54763,Matthewshire County,MN
99651,West Georgeside County,AZ
77797,Lake Robert County,PA
30321,Aaronburgh County,TX
73062,Arnoldtown County,KY
08494,Wilsonhaven County,WA
51239,Gregorymouth County,GA
68996,Kellyfurt County,FL
55371,Douglasmouth County,NE
90556,Taylormouth County,WA
62737,Annaborough County,CO
75567,Larsonbury County,NH
31387,South Mary County,VI
62925,Paulhaven County,NJ
39672,Sharptown County,AS
10849,Lake Williamland County,CT
52248,North Matthew County,GA
94126,Lake Kevin County,MI
05052,Port Christopherview County,ND
66312,North Denise County,PR
75371,Port Sean County,AR
68241,Port Robertchester County,VT
75406,East Patrick County,GU
89306,Averytown County,SD
81801,New Jamesmouth County,OR
19827,Port Robertton County,IN
16266,Port Paul County,IN
99747,Johnsonmouth County,TX
23160,Alexismouth County,WA
22411,Port Theresa County,ID
28273,Johnberg County,VT
25761,New Traceyfort County,AR
17040,Allenberg County,WA
06094,East Rachel County,VA
55993,South Walterbury County,AZ
10772,Ericchester County,HI
90039,Heathmouth County,MS
57568,West Donald County,AS
26966,Troyfurt County,VA
82712,Singhton County,SC
19883,Port Jason County,ME
78495,Petersonhaven County,GA
34302,Jonesland County,MS
42411,Port Xavierhaven County,RI
95803,Crystalmouth County,ME
09284,South Anthony County,RI
11907,Lake Taramouth County,ID
73424,Lake Coreymouth County,MO
52583,Danielmouth County,OH
72859,Port Jenna County,RI
43247,South Alexis County,ND
36703,West Joanna County,PA
68617,Christophershire County,VI
60552,Martinezfort County,ID
02121,Bradleyhaven County,WV
92305,Martinborough County,FM
82166,Lake Kaylashire County,HI
77515,Port Keithmouth County,MD
68994,West Pamelaville County,IN
55498,Morrisonport County,NC
15249,Teresaport County,CT
54822,New Justin County,IA
20114,New Christian County,NV
19925,Port Jenniferhaven County,VA
74765,New Craig County,MH
77562,Jeremyton County,NM
99903,Lake Rebecca County,NY
13634,North Stacybury County,MA
14346,Theodorechester County,DE
74253,Jamesberg County,MP
13738,Ericbury County,VA
37999,Jeffreychester County,MD
70707,Port Brandon County,MS
45572,Crawfordview County,NH
54357,West Kevinville County,FL
35121,Hansenland County,LA
50707,Rebeccamouth County,NM
86325,North Maria County,OH
64147,Cruzborough County,HI
75477,Robinsonhaven County,NY
80318,Reidfurt County,NC
62504,West Cassandrafort County,AK
05411,Marissabury County,OR
23071,West Markhaven County,MH
36600,North Erik County,NM
19356,Nicoletown County,AS
81535,Caseborough County,IN
80278,Marvinside County,PA
89736,Kelleyton County,NE
91420,Mooreland County,TX
53155,West Shannon County,RI
05584,South Brian County,PA
52378,Port George County,PA
43950,South Randy County,DE
91008,East Bonnie County,SD
31640,Schultzborough County,MI
06961,New Susan County,NE
98247,Hollyshire County,TX
62788,New Bethfort County,GA
35704,Joneston County,IA
49317,Bishopshire County,ID
03152,Taylorside County,MO
44785,Port Chad County,DC
40223,Jensenmouth County,DE
37246,Sarahberg County,MP
64938,Lorichester County,AK
91751,South Linda County,ME
90265,Port Crystalfort County,MI
13374,Jenniferville County,AR
30379,Timothyshire County,MP
18115,North Whitneystad County,MN
39885,Lake Margarettown County,AK
97982,Lake Kevin County,AK
58580,Mendezview County,ME
42557,South Melindaborough County,TN
35814,Hernandezmouth County,ND
96026,Teresaborough County,OK
55128,Moniqueport County,ME
79796,Guzmanberg County,DE
85115,Port Katiebury County,NY
12204,Wendyview County,RI
25134,Meyerfurt County,VI
58397,North Brian County,NH
53869,West Michaeltown County,CT
97618,New Lee County,OH
64000,Rodriguezton County,LA
68199,Woodwardbury County,OR
49510,Garystad County,VI
07868,North Sarah County,AL
68038,Reedbury County,WA
21337,Juarezmouth County,MS
09101,Josephport County,DC
41280,South Karenland County,CA
93505,New Douglasburgh County,WV
66927,Damonside County,PR
53373,Laurabury County,VT
18280,Port Laurie County,GA
69220,Port Bryanburgh County,NV
75038,North Theresaside County,NC
04295,Jamesberg County,MA
23273,East Larry County,DE
25766,Allenbury County,TX
08054,Calebburgh County,WA
33202,Port Pamhaven County,NH
04835,Port Michelleberg County,PW
60328,Benjaminchester County,PR
07127,Williamview County,MP
47736,East Allison County,NC
92858,North Karen County,TN
26598,Floresfurt County,NV
36411,Amandashire County,MN
48781,Stacychester County,NV
61347,South Holly County,CT
66708,Chungberg County,OR
52529,Wendyland County,MD
83785,Port Ian County,AZ
16737,Gonzalesstad County,KY
89783,Westborough County,MH
04506,Johnsonshire County,NM
32212,Lake Roberto County,NM
49320,East Antonioberg County,PR
78363,Jessicaburgh County,NM
58972,South Lauren County,SD
23777,West Sergio County,AK
62705,New Wesley County,CA
77424,New Sonya County,MA
72765,North Julie County,MN
46344,Timothyfurt County,OK
45622,Odonnelltown County,MN
21933,Lake Brittanyburgh County,NC
34404,West Rebecca County,HI
98668,Gregoryburgh County,PA
90790,North Michael County,DE
12348,Vargasfurt County,HI
37865,Vickiport County,NM
04098,Port Rebecca County,IN
51168,New Christopherland County,IA
07008,Meganmouth County,PA
21853,Christophermouth County,FM
75508,North Victoria County,RI
29513,North Kevin County,GA
85354,Walkermouth County,SC
30006,Lake Heatherton County,MN
89327,North Lydiaview County,MP
27597,Rogersville County,NV
35770,Lake Jonfort County,MO
85905,Johnchester County,ID
54175,Samanthaville County,KY
67777,North Elizabeth County,DC
03129,Byrdtown County,IN
89918,Brownberg County,NM
01667,North Michaeltown County,SD
62641,West Michael County,AS
17843,West Melinda County,ME
85353,West John County,TX
23202,South Michelleborough County,WV
79293,Deborahmouth County,WY
01610,Joseburgh County,MP
29830,East Eugeneburgh County,IL
80237,South Tiffany County,MH
40538,Gregoryfurt County,MD
93921,Flemingtown County,GA
93479,West Mary County,ME
84746,Christophermouth County,IN
36595,Port Aaron County,TN
56050,Joseton County,MP
49846,New Javierfurt County,FL
46207,Port Williammouth County,AZ
60662,East Taramouth County,NV
33530,East Michelle County,IL
29102,Travisberg County,MI
61672,Annamouth County,NE
40103,Lauraside County,MA
89262,Wesleymouth County,MN
68742,New Jessica County,VI
82238,Mariaton County,TN
52556,Rogersmouth County,NJ
77110,West Philip County,OH
01464,Erinland County,FM
67546,Lisabury County,MA
87317,Alyssaton County,NE
49552,Robinsonmouth County,WA
74092,Davisstad County,NV
85349,West Janet County,MI
78327,Hessmouth County,IL
80330,East Jerome County,WV
37552,Derekview County,SC
39622,New Ericshire County,PW
90208,South Julie County,GU
14670,Phillipfort County,MN
63643,Port Jared County,IA
08868,East Richard County,MH
44578,South Lisa County,VI
36740,Andreburgh County,ND
84465,Kimberlyfurt County,MA
43117,New Jeremybury County,MS
36792,Cruzport County,NH
86499,New Erinshire County,RI
93705,East Crystalberg County,NY
85890,East Makayla County,NY
39664,Annamouth County,NV
25189,East Chelsea County,SC
20152,Johnsmouth County,DE
68303,Port Cynthiamouth County,SD
31997,Leslieborough County,VT
07942,Lake Taylor County,KS
79148,South Steveberg County,RI
53466,New Jasonmouth County,AS
87078,New Billymouth County,MO
42389,New Royburgh County,LA
89729,West Markfort County,AK
18841,New Steventown County,MH
95041,Gregoryberg County,RI
03837,Brownside County,NH
86405,Leefurt County,MH
65692,Port Timothymouth County,AZ
34504,Anthonyland County,FL
55363,Ruizberg County,MD
53532,Lake David County,UT
51392,South Alexanderland County,PA
97065,New Karenshire County,CO
05130,East Juan County,PW
76919,Lorrainefort County,NC
93309,Elizabethbury County,NH
75479,Hernandezport County,ME
25393,Michelemouth County,WI
45480,South Krystalshire County,PW
95731,East Christopher County,GA
94003,East Alexis County,SD
29646,Shawborough County,NV
90458,Dunnshire County,VI
70576,Bakerview County,CT
84166,Ashleyberg County,ID
62856,South Joshuaberg County,VA
88564,Andreaborough County,MT
66995,East Brittany County,KS
39848,Valeriehaven County,AZ
22781,Lake Alexa County,IL
86695,Lake Juanview County,UT
73671,Johnnymouth County,NC
24242,Port Hollychester County,LA
39007,South Jamie County,MT
13294,Wellsport County,HI
62207,Port Danielborough County,DE
17270,Curtisside County,MA
97614,Summerston County,CT
34403,Contrerastown County,AS
95552,Lake Daniel County,MO
73774,Lake Pam County,GU
24496,Aliciaberg County,VT
89592,East Randyville County,IL
44493,North Jacob County,MO
86279,East Pamelahaven County,WV
12205,Dunnland County,FM
47068,Jenniferfurt County,WA
29773,Youngstad County,TN
98046,Vanessamouth County,IN
40751,Davidtown County,MA
55613,East Jose County,WA
43927,Joannmouth County,PA
49218,Christinaland County,MI
34653,Rebeccaview County,DC
77252,South Christopherstad County,NC
39042,East Johnchester County,SC
61287,Port Patrickton County,OH
15938,Butlerhaven County,MS
62175,South Tina County,ID
07536,Port Richardmouth County,TN
83652,Greggstad County,WA
76991,Charlenetown County,DC
76563,North Amber County,SC
81851,Timothyberg County,OR
09835,Davisfurt County,AS
